pts_per_g,ws_per_48,year,mp_per_g,player,trb_per_g,g,vorp,ast,ws,pts,mp,college_name,ast_per_g,trb,fg3_pct,ft_pct,bpm,pick_overall,fg_pct,team_id,seasons
4.4,.013,2013,12.6,Anthony Bennett,3.1,151,,77,0.5,658,1905,UNLV,0.5,472,.261,.670,-4.8,1,.392,CLE,4
16.9,.076,2013,32.2,Victor Oladipo,4.5,504,-1.3,1970,25.6,8503,16247,Indiana,3.9,2245,.347,.788,0.7,2,.436,ORL,10
10.3,.132,2013,25.4,Otto Porter Jr.,4.9,527,11.0,783,36.7,5419,13400,Georgetown,1.5,2599,.397,.797,1.7,3,.477,WAS,11
7.9,.140,2013,20.9,Cody Zeller,5.7,552,12.5,740,33.5,4376,11510,Indiana,1.3,3125,.220,.727,-0.7,4,.520,CHA,11
7.0,.098,2013,17.6,Alex Len,5.5,648,3.9,556,23.2,4539,11401,Maryland,0.9,3538,.324,.681,-1.9,5,.510,PHO,12
7.1,.132,2013,22.0,Nerlens Noel,6.1,467,0.4,501,28.3,3338,10281,Kentucky,1.1,2835,.200,.655,0.9,6,.546,NOH,9
9.0,.035,2013,22.5,Ben McLemore,2.3,556,7.4,563,9.0,5015,12534,Kansas,1.0,1269,.363,.780,-3.1,7,.414,SAC,9
11.3,.085,2013,29.6,Kentavious Caldwell-Pope,3.0,840,-3.4,1523,44.0,9527,24901,Georgia,1.8,2544,.367,.820,-0.9,8,.426,DET,12
9.6,.060,2013,20.9,Trey Burke,1.8,498,6.8,1522,12.9,4792,10401,Michigan,3.1,878,.345,.810,-1.3,9,.410,MIN,9
19.5,.103,2013,32.1,CJ McCollum,3.6,735,1.7,2794,50.7,14306,23569,Lehigh,3.8,2669,.399,.806,1.4,10,.453,POR,12
10.2,.032,2013,25.2,Michael Carter-Williams,4.3,395,20.4,1708,6.6,4040,9942,Syracuse,4.3,1718,.256,.705,-1.2,11,.402,PHI,9
9.2,.150,2013,26.8,Steven Adams,8.2,707,1.8,1079,59.4,6524,18958,Pitt,1.5,5791,.067,.536,0.5,12,.588,OKC,11
10.3,.125,2013,22.6,Kelly Olynyk,5.2,756,12.1,1847,44.4,7755,17109,Gonzaga,2.4,3918,.369,.798,0.9,13,.485,DAL,11
9.0,.085,2013,17.2,Shabazz Muhammad,2.8,278,12.6,151,8.5,2504,4772,UCLA,0.5,770,.319,.751,-2.0,14,.473,UTA,5
23.4,.202,2013,32.8,Giannis Antetokounmpo,9.8,796,0.0,3880,109.7,18617,26084,,4.9,7779,.286,.701,6.5,15,.546,MIL,12
3.2,.165,2013,12.4,Lucas Nogueira,2.8,141,56.0,72,6.0,446,1754,,0.5,388,.265,.640,2.3,16,.632,BOS,4
14.1,.069,2013,27.3,Dennis SchrÃ¶der,2.9,772,1.9,3734,30.3,10881,21096,,4.8,2246,.345,.836,-1.4,17,.435,ATL,12
5.5,.044,2013,19.1,Shane Larkin,1.9,256,3.4,737,4.4,1399,4880,Miami (FL),2.9,490,.336,.777,-2.4,18,.422,ATL,4
3.0,.036,2013,11.7,Sergey Karasev,1.5,95,-0.6,87,0.8,287,1110,,0.9,140,.282,.842,-3.4,19,.395,CLE,3
6.1,.068,2013,21.8,Tony Snell,2.3,601,-0.4,669,18.5,3672,13092,New Mexico,1.1,1371,.394,.846,-2.0,20,.431,CHI,9
7.3,.117,2013,20.1,Gorgui Dieng,5.6,628,-0.1,837,30.7,4591,12625,Louisville,1.3,3534,.355,.791,0.2,21,.496,UTA,10
8.4,.149,2013,22.2,Mason Plumlee,6.7,790,7.1,1915,54.4,6602,17566,Duke,2.4,5332,.043,.573,1.3,22,.595,BRK,12
5.5,.059,2013,21.5,Solomon Hill,3.1,448,14.6,662,11.9,2453,9652,Arizona,1.5,1399,.331,.797,-2.1,23,.388,IND,9
14.0,.073,2013,27.3,Tim Hardaway Jr.,2.9,741,-0.3,1371,30.8,10375,20262,Michigan,1.9,2161,.361,.813,-1.1,24,.418,NYK,12
7.3,.082,2013,22.6,Reggie Bullock,2.6,556,4.6,647,21.4,4039,12556,UNC,1.2,1451,.385,.827,-1.2,25,.424,LAC,11
4.5,.089,2013,22.2,Andre Roberson,4.0,307,2.6,265,12.6,1382,6801,Colorado,0.9,1230,.253,.468,-0.6,26,.473,MIN,7
12.7,.220,2013,30.5,Rudy Gobert,11.8,761,2.3,1001,106.3,9630,23182,,1.3,8960,.000,.639,3.4,27,.655,DEN,12
,,2013,,Livio Jean-Charles,,,31.7,,,,,,,,,,,28,,SAS,
6.3,.022,2013,14.5,Archie Goodwin,2.0,165,,206,1.1,1040,2396,Kentucky,1.2,331,.236,.700,-3.0,29,.429,OKC,4
1.1,-.132,2013,5.9,Nemanja NedoviÄ,0.6,24,-0.6,13,-0.4,26,142,,0.5,15,.167,.875,-10.0,30,.205,PHO,1
9.1,.072,2013,24.0,Allen Crabbe,2.8,381,-0.3,434,13.7,3453,9125,California,1.1,1073,.387,.831,-1.6,31,.425,CLE,7
5.3,.086,2013,16.0,Ãlex Abrines,1.4,174,0.9,88,5.0,924,2777,,0.5,248,.368,.880,-1.9,32,.387,OKC,3
2.7,.057,2013,5.4,Carrick Felix,0.9,7,0.1,4,0.0,19,38,Arizona State,0.6,6,.400,.750,-3.4,33,.500,CLE,1
8.1,.043,2013,20.4,Isaiah Canaan,1.9,235,0.0,454,4.3,1913,4799,Murray State,1.9,438,.351,.836,-2.4,34,.371,HOU,6
2.7,-.065,2013,9.5,Glen Rice Jr.,1.5,16,-0.5,9,-0.2,43,152,Georgia Tech,0.6,24,.250,.692,-6.6,35,.269,PHI,2
6.0,.035,2013,18.2,Ray McCallum,2.0,154,-0.2,368,2.1,920,2808,Detroit Mercy,2.4,306,.335,.711,-2.6,36,.408,SAC,3
1.0,.151,2013,3.8,Tony Mitchell,1.2,21,-0.4,2,0.2,22,79,University of North Texas,0.1,26,1.000,.579,0.4,37,.417,DET,1
5.5,.028,2013,18.8,Nate Wolters,2.2,84,0.0,209,0.9,461,1575,South Dakota State,2.5,185,.261,.635,-2.6,38,.423,WAS,3
3.2,.157,2013,10.0,Jeff Withey,2.5,207,-0.2,64,6.8,666,2072,Kansas,0.3,518,.143,.716,0.5,39,.525,POR,5
2.0,-.128,2013,6.4,Grant Jerrett,1.1,8,1.3,3,-0.1,16,51,Arizona,0.4,9,.067,1.000,-10.8,40,.269,POR,1
1.8,-.006,2013,7.3,Jamaal Franklin,1.0,24,-0.1,9,0.0,42,174,San Diego State,0.4,25,.462,1.000,-5.9,41,.415,MEM,2
4.4,.021,2013,10.5,Pierre Jackson,1.1,8,-0.2,19,0.0,35,84,Baylor,2.4,9,.273,.857,-4.4,42,.333,PHI,1
3.9,-.096,2013,9.9,Ricky Ledo,1.4,28,-0.1,21,-0.6,109,277,Providence,0.8,38,.371,.769,-7.6,43,.336,MIL,2
5.9,.112,2013,15.0,Mike Muscala,3.1,548,-0.4,464,19.2,3206,8239,Bucknell,0.8,1699,.373,.830,-0.2,44,.451,DAL,11
,,2013,,Marko TodoroviÄ,,,3.7,,,,,,,,,,,45,,POR,
3.1,.011,2013,8.7,Erick Green,0.7,52,,42,0.1,159,452,Virginia Tech,0.8,37,.288,.857,-4.0,46,.377,UTA,2
5.7,.082,2013,15.6,Raul Neto,1.5,435,-0.2,913,11.6,2470,6765,,2.1,658,.361,.812,-1.5,47,.458,ATL,8
6.0,.046,2013,19.2,Ryan Kelly,3.1,163,0.8,215,3.0,981,3125,Duke,1.3,504,.316,.797,-2.6,48,.378,LAL,4
0.3,-.055,2013,2.6,Erik Murphy,0.3,24,-0.5,2,-0.1,6,62,Florida,0.1,8,.000,,-8.6,49,.231,CHI,1
6.7,.097,2013,20.3,James Ennis III,3.3,395,-0.1,373,16.2,2629,8022,Cal State Long Beach,0.9,1306,.360,.797,-1.5,50,.457,ATL,8
,,2013,,Romero Osby,,,0.9,,,,,Oklahoma,,,,,,51,,ORL,
2.8,-.007,2013,11.5,Lorenzo Brown,1.5,103,,183,-0.2,293,1185,NC State,1.8,151,.170,.707,-3.5,52,.364,MIN,5
,,2013,,Colton Iverson,,,-0.5,,,,,Colorado State,,,,,,53,,IND,
,,2013,,Arsalan Kazemi,,,,,,,,Oregon,,,,,,54,,WAS,
5.6,.089,2013,13.6,Joffrey Lauvergne,3.8,208,,180,5.2,1159,2823,,0.9,789,.285,.719,-2.1,55,.479,MEM,4
2.3,-.032,2013,9.3,Peyton Siva,0.6,24,-0.1,34,-0.2,54,224,Louisville,1.4,14,.280,.733,-6.4,56,.316,DET,1
,,2013,,Alex Oriakhi,,,-0.2,,,,,Missouri,,,,,,57,,PHO,
,,2013,,Deshaun Thomas,,,,,,,,Ohio State,,,,,,58,,SAS,
,,2013,,Bojan DubljeviÄ,,,,,,,,,,,,,,59,,MIN,
,,2013,,JÄnis Timma,,,,,,,,,,,,,,60,,MEM,
pts_per_g,ws_per_48,year,mp_per_g,player,trb_per_g,g,vorp,ast,ws,pts,mp,college_name,ast_per_g,trb,fg3_pct,ft_pct,bpm,pick_overall,fg_pct,team_id,seasons
18.5,.059,2014,34.0,Andrew Wiggins,4.5,709,,1604,29.6,13150,24122,Kansas,2.3,3176,.356,.722,-1.5,1,.450,CLE,11
14.1,.078,2014,27.5,Jabari Parker,5.5,310,3.0,610,13.8,4380,8535,Duke,2.0,1703,.326,.743,-0.8,2,.494,MIL,8
27.9,.220,2014,31.9,Joel Embiid,11.2,433,2.5,1573,63.5,12071,13833,Kansas,3.6,4832,.341,.826,7.0,3,.504,PHI,8
13.5,.104,2014,29.4,Aaron Gordon,6.3,673,31.4,1789,43.0,9071,19773,Arizona,2.7,4257,.323,.685,0.3,4,.481,ORL,11
6.1,.051,2014,18.8,Dante Exum,2.0,300,11.3,672,5.9,1817,5633,,2.2,590,.336,.767,-2.8,5,.431,UTA,7
10.7,.088,2014,29.9,Marcus Smart,3.5,606,-1.2,2800,33.3,6458,18145,Oklahoma State,4.6,2122,.322,.777,-0.4,6,.387,BOS,11
19.1,.102,2014,32.0,Julius Randle,9.4,645,7.5,2407,43.9,12322,20652,Kentucky,3.7,6034,.335,.748,1.0,7,.471,LAL,11
6.7,.028,2014,19.5,Nik Stauskas,2.0,343,15.4,515,3.9,2290,6701,Michigan,1.5,691,.354,.812,-3.0,8,.389,SAC,6
4.7,.077,2014,16.2,Noah Vonleh,4.9,362,-1.7,264,9.4,1685,5854,Indiana,0.7,1790,.307,.692,-2.5,9,.459,CHO,8
10.1,.057,2014,26.8,Elfrid Payton,4.0,500,-0.7,2868,15.8,5036,13383,Louisiana,5.7,2007,.287,.623,-0.9,10,.447,PHI,8
8.9,.076,2014,20.1,Doug McDermott,2.2,658,3.7,657,21.1,5859,13242,Creighton,1.0,1434,.410,.805,-2.1,11,.471,DEN,11
10.5,.091,2014,22.7,Dario Å ariÄ,5.4,481,-0.4,918,20.8,5062,10908,,1.9,2582,.361,.838,-0.7,12,.444,ORL,8
20.5,.082,2014,32.5,Zach LaVine,4.1,585,3.5,2299,32.6,11981,19034,UCLA,3.9,2382,.383,.834,0.7,13,.465,MIN,11
14.3,.097,2014,26.9,T.J. Warren,3.9,385,12.8,446,20.9,5497,10365,NC State,1.2,1515,.351,.780,-0.4,14,.505,PHO,9
4.0,-.019,2014,13.1,Adreian Payne,2.9,107,4.1,66,-0.6,429,1403,Michigan State,0.6,315,.254,.680,-5.9,15,.406,ATL,4
12.1,.113,2014,24.6,Jusuf NurkiÄ,8.9,543,-1.4,1360,31.6,6573,13370,,2.5,4855,.274,.666,0.5,16,.503,CHI,11
2.3,.046,2014,8.5,James Young,1.0,95,8.3,28,0.8,219,812,Kentucky,0.3,96,.277,.563,-3.4,17,.367,BOS,4
4.2,.026,2014,12.6,Tyler Ennis,1.3,186,-0.3,359,1.3,779,2336,Syracuse,1.9,250,.317,.768,-3.4,18,.419,PHO,4
11.0,.078,2014,27.9,Gary Harris,2.4,575,-0.8,1114,25.9,6319,16041,Michigan State,1.9,1360,.370,.813,-1.3,19,.447,CHI,11
4.2,.054,2014,12.3,Bruno Caboclo,2.6,105,2.8,72,1.5,442,1293,,0.7,268,.308,.836,-2.7,20,.403,TOR,7
4.4,.108,2014,10.7,Mitch McGary,3.5,52,-0.2,17,1.3,227,557,Michigan,0.3,183,.000,.580,-2.6,21,.527,OKC,2
3.2,.070,2014,8.2,Jordan Adams,0.9,32,-0.1,19,0.4,101,263,UCLA,0.6,30,.385,.607,1.7,22,.402,MEM,2
10.4,.076,2014,24.5,Rodney Hood,2.6,448,0.2,736,17.4,4656,10977,Duke,1.6,1160,.366,.841,-1.2,23,.420,UTA,8
7.1,.065,2014,17.4,Shabazz Napier,1.9,345,2.2,849,8.1,2433,5986,UConn,2.5,657,.345,.815,-0.7,24,.397,CHO,6
12.2,.196,2014,26.6,Clint Capela,10.7,614,2.0,620,66.6,7512,16338,,1.0,6549,.000,.546,1.8,25,.621,HOU,11
6.0,.021,2014,18.0,P.J. Hairston,2.4,111,15.6,59,0.9,664,2000,UNC,0.5,266,.295,.810,-3.9,26,.343,MIA,2
14.7,.085,2014,28.8,Bogdan BogdanoviÄ,3.4,450,-1.0,1472,22.9,6598,12978,,3.3,1522,.384,.844,0.4,27,.438,PHO,8
2.0,.007,2014,5.7,C.J. Wilcox,0.5,66,7.8,30,0.1,132,376,Washington,0.5,31,.333,.813,-4.3,28,.370,LAC,3
2.5,.030,2014,14.1,Josh Huestis,2.4,76,-0.2,23,0.7,187,1068,Stanford,0.3,180,.312,.240,-3.5,29,.346,OKC,3
6.9,.123,2014,21.9,Kyle Anderson,4.4,658,-0.4,1845,36.9,4539,14395,UCLA,2.8,2879,.335,.713,1.8,30,.478,SAS,11
1.8,-.024,2014,7.8,Damien Inglis,1.6,20,13.7,10,-0.1,36,156,,0.5,31,.231,.875,-5.6,31,.351,MIL,1
5.3,.030,2014,14.1,K.J. McDaniels,2.2,148,-0.1,95,1.3,782,2092,Clemson,0.6,324,.290,.776,-2.8,32,.412,PHI,3
10.3,.090,2014,24.4,Joe Harris,3.0,504,-0.4,790,23.1,5185,12298,Virginia,1.6,1521,.436,.771,-0.7,33,.479,CLE,10
4.3,-.039,2014,14.3,Cleanthony Early,2.2,56,4.1,42,-0.6,241,801,Wichita State,0.8,123,.263,.750,-5.9,34,.346,NYK,2
2.4,.202,2014,5.4,Jarnell Stokes,1.4,28,-0.8,7,0.6,67,151,Tennessee,0.3,40,,.531,0.1,35,.581,UTA,3
3.5,.006,2014,11.5,Johnny O'Bryant,2.4,147,0.1,69,0.2,509,1684,LSU,0.5,352,.360,.663,-6.2,36,.402,MIL,4
,,2014,,DeAndre Daniels,,,-1.8,,,,,UConn,,,,,,37,,TOR,
13.2,.103,2014,27.8,Spencer Dinwiddie,3.0,545,,2807,32.4,7220,15127,Colorado,5.2,1645,.334,.795,0.1,38,.414,DET,11
13.1,.090,2014,27.6,Jerami Grant,4.0,677,7.8,1058,34.9,8844,18695,Syracuse,1.6,2687,.363,.747,-0.4,39,.454,PHI,11
5.9,.071,2014,17.4,Glenn Robinson III,2.6,304,7.7,238,7.9,1804,5299,Michigan,0.8,776,.373,.779,-1.7,40,.457,MIN,7
21.0,.254,2014,31.3,Nikola JokiÄ,10.7,679,0.4,4704,112.6,14265,21234,,6.9,7298,.352,.827,9.9,41,.558,DEN,10
2.6,-.020,2014,9.4,Nick Johnson,1.4,28,64.0,11,-0.1,74,262,Arizona,0.4,39,.238,.680,-6.5,42,.347,HOU,1
2.5,.118,2014,7.8,Edy Tavares,2.5,13,-0.3,4,0.2,33,101,,0.3,32,,.273,-0.4,43,.625,ATL,2
5.2,.029,2014,15.9,Markel Brown,2.1,113,0.0,132,1.1,584,1794,Oklahoma State,1.2,234,.295,.781,-2.9,44,.380,MIN,3
7.1,.185,2014,18.4,Dwight Powell,4.4,653,-0.4,677,46.3,4642,12018,Stanford,1.0,2878,.293,.739,0.9,45,.603,CHO,11
16.0,.057,2014,27.7,Jordan Clarkson,3.4,720,8.7,2089,23.6,11491,19962,Missouri,2.9,2421,.334,.831,-0.9,46,.438,WAS,11
2.0,-.068,2014,4.9,Russ Smith,0.6,27,5.4,19,-0.2,53,131,Louisville,0.7,15,.188,.769,-5.1,47,.319,PHI,2
2.3,.006,2014,10.9,Lamar Patterson,1.4,40,-0.1,45,0.1,93,435,Pitt,1.1,57,.236,.720,-5.7,48,.326,MIL,2
1.2,-.021,2014,4.6,Cameron Bairstow,1.0,36,-0.4,7,-0.1,44,167,New Mexico,0.2,36,.200,.846,-8.1,49,.296,CHI,2
,,2014,,Alec Brown,,,-0.3,,,,,Green Bay,,,,,,50,,PHO,
2.4,.059,2014,7.7,Thanasis Antetokounmpo,1.6,198,,115,1.9,481,1520,,0.6,307,.143,.529,-4.3,51,.509,NYK,6
6.8,.006,2014,19.4,Vasilije MiciÄ,1.6,63,-0.9,265,0.2,429,1221,,4.2,99,.273,.813,-5.1,52,.418,PHI,2
,,2014,,Alessandro Gentile,,,-1.0,,,,,,,,,,,53,,MIN,
,,2014,,Nemanja DangubiÄ,,,,,,,,,,,,,,54,,PHI,
2.9,.006,2014,15.2,Semaj Christon,1.4,64,,130,0.1,183,973,Xavier,2.0,87,.190,.548,-5.1,55,.345,MIA,1
2.2,-.028,2014,10.4,Devyn Marble,1.6,44,-0.8,29,-0.3,97,457,Iowa,0.7,69,.222,.375,-5.5,56,.304,DEN,2
,,2014,,Louis Labeyrie,,,-0.4,,,,,,,,,,,57,,IND,
6.9,.048,2014,13.8,Jordan McRae,1.8,123,,167,1.7,846,1696,Tennessee,1.4,225,.355,.772,-2.1,58,.417,SAS,4
,,2014,,Xavier Thames,,,0.0,,,,,San Diego State,,,,,,59,,TOR,
3.5,.071,2014,10.0,Cory Jefferson,2.8,58,,16,0.9,205,581,Baylor,0.3,161,.125,.583,-3.3,60,.444,SAS,2
pts_per_g,ws_per_48,year,mp_per_g,player,trb_per_g,g,vorp,ast,ws,pts,mp,college_name,ast_per_g,trb,fg3_pct,ft_pct,bpm,pick_overall,fg_pct,team_id,seasons
22.9,.186,2015,33.9,Karl-Anthony Towns,10.9,577,,1823,75.7,13211,19582,Kentucky,3.2,6261,.399,.839,4.5,1,.524,MIN,10
17.7,.068,2015,30.2,D'Angelo Russell,3.4,576,32.0,3318,24.7,10190,17418,Ohio State,5.8,1965,.369,.794,0.7,2,.429,LAL,10
10.4,.071,2015,19.5,Jahlil Okafor,4.7,247,11.8,225,7.2,2566,4827,Duke,0.9,1169,.222,.676,-2.0,3,.542,PHI,6
19.7,.144,2015,30.9,Kristaps PorziÅÄ£is,7.9,459,0.0,826,42.7,9021,14196,,1.8,3604,.361,.831,2.5,4,.459,NYK,8
6.9,.025,2015,18.5,Mario Hezonja,3.1,330,16.1,415,3.2,2284,6107,,1.3,1026,.319,.812,-2.8,5,.417,ORL,5
8.7,.121,2015,22.0,Willie Cauley-Stein,5.9,422,-1.2,598,23.3,3675,9276,Kentucky,1.4,2470,.188,.612,-0.1,6,.544,SAC,7
10.9,-.001,2015,23.8,Emmanuel Mudiay,2.9,302,4.4,1143,-0.2,3299,7187,,3.8,884,.323,.744,-3.2,7,.401,DEN,6
6.2,.037,2015,19.8,Stanley Johnson,3.1,449,-2.2,679,6.9,2806,8879,Arizona,1.5,1404,.305,.748,-2.7,8,.391,DET,8
8.8,.094,2015,19.8,Frank Kaminsky,3.8,413,-1.6,651,15.9,3630,8160,Wisconsin,1.6,1579,.349,.746,-0.2,9,.430,CHO,8
8.2,.044,2015,25.9,Justise Winslow,5.1,344,3.7,889,8.2,2829,8906,Duke,2.6,1760,.315,.638,-2.1,10,.412,MIA,8
13.9,.129,2015,28.6,Myles Turner,6.8,574,-0.3,709,44.0,7971,16402,Texas,1.2,3903,.354,.770,0.8,11,.502,IND,10
7.7,.087,2015,18.3,Trey Lyles,4.3,585,11.6,618,19.5,4497,10686,Kentucky,1.1,2522,.347,.745,-1.1,12,.442,UTA,10
24.3,.107,2015,34.0,Devin Booker,4.0,602,2.5,3010,45.5,14621,20498,Kentucky,5.0,2424,.358,.870,1.1,13,.464,PHO,10
7.9,.077,2015,17.9,Cameron Payne,2.1,409,16.3,1337,11.8,3227,7331,Murray State,3.3,856,.368,.823,-0.6,14,.422,OKC,10
13.1,.068,2015,26.4,Kelly Oubre Jr.,4.5,599,2.6,643,22.2,7866,15802,Kansas,1.1,2683,.327,.751,-1.8,15,.435,ATL,10
14.3,.085,2015,27.8,Terry Rozier,4.0,605,0.6,2188,29.8,8647,16831,Louisville,3.6,2392,.368,.828,0.5,16,.420,BOS,10
3.0,-.017,2015,12.0,Rashad Vaughn,1.1,139,10.8,75,-0.6,423,1671,UNLV,0.5,158,.313,.692,-4.7,17,.337,MIL,3
5.4,.083,2015,15.4,Sam Dekker,3.0,201,-1.2,160,5.4,1094,3097,Wisconsin,0.8,607,.288,.606,-1.4,18,.478,HOU,5
6.1,.080,2015,17.9,Jerian Grant,1.9,279,0.5,805,8.3,1692,4998,Notre Dame,2.9,530,.323,.770,-1.6,19,.411,WAS,5
6.9,.128,2015,20.7,Delon Wright,3.1,512,0.5,1563,28.2,3538,10589,Utah,3.1,1586,.354,.806,2.1,20,.451,TOR,10
5.3,.072,2015,13.6,Justin Anderson,2.6,242,10.9,184,4.9,1284,3280,Virginia,0.8,621,.292,.775,-1.5,21,.410,DAL,6
11.8,.109,2015,22.6,Bobby Portis,7.1,609,0.4,752,31.1,7183,13763,Arkansas,1.2,4305,.384,.760,-0.5,22,.479,CHI,10
9.0,.091,2015,22.2,Rondae Hollis-Jefferson,5.5,305,5.2,579,12.9,2760,6759,Arizona,1.9,1684,.212,.735,-0.7,23,.449,POR,6
7.4,.116,2015,20.5,Tyus Jones,2.0,605,2.3,2617,30.0,4460,12379,Duke,4.3,1193,.367,.814,0.6,24,.445,CLE,10
5.4,.053,2015,15.9,Jarell Martin,3.5,184,8.3,114,3.2,998,2927,LSU,0.6,639,.346,.766,-4.3,25,.434,MEM,4
,,2015,,Nikola Milutinov,,,-1.7,,,,,,,,,,,26,,SAS,
7.7,.133,2015,23.2,Larry Nance Jr.,6.2,524,,983,33.6,4018,12154,Wyoming,1.9,3241,.344,.696,1.2,27,.541,LAL,10
3.0,.051,2015,8.8,R.J. Hunter,1.0,45,9.9,19,0.4,133,395,Georgia State University,0.4,46,.295,.818,-2.0,28,.371,BOS,4
3.3,.054,2015,9.0,Chris McCullough,1.9,59,0.0,15,0.6,194,532,Syracuse,0.3,112,.306,.548,-2.5,29,.426,BRK,3
5.0,.174,2015,17.5,Kevon Looney,5.6,528,-0.1,847,33.6,2660,9243,UCLA,1.6,2969,.167,.615,0.4,30,.582,GSW,10
9.3,.055,2015,22.7,Cedi Osman,3.0,476,5.6,933,12.5,4427,10815,,2.0,1411,.357,.711,-2.1,31,.432,MIN,7
12.1,.195,2015,20.5,Montrezl Harrell,5.0,515,-0.3,675,42.9,6220,10544,Louisville,1.3,2588,.108,.664,2.6,32,.619,HOU,8
2.4,.050,2015,7.5,Jordan Mickey,2.0,64,12.2,17,0.5,152,482,LSU,0.3,128,.118,.605,-4.8,33,.449,BOS,3
3.9,-.016,2015,18.6,Anthony Brown,2.5,41,-0.3,28,-0.2,161,762,Stanford,0.7,103,.286,.850,-5.1,34,.328,LAL,3
7.3,.152,2015,15.0,Willy HernangÃ³mez,5.8,344,-0.6,364,16.3,2524,5149,,1.1,1982,.306,.713,0.1,35,.533,PHI,7
2.1,.105,2015,7.5,Rakeem Christmas,1.9,30,2.8,4,0.5,63,225,Syracuse,0.1,57,,.724,-4.7,36,.467,MIN,2
8.6,.156,2015,19.3,Richaun Holmes,5.3,458,-0.2,437,28.8,3934,8826,Bowling Green,1.0,2429,.274,.745,0.1,37,.603,PHI,9
3.2,.016,2015,9.4,Darrun Hilliard,0.9,91,4.6,71,0.3,295,859,Villanova,0.8,85,.304,.747,-4.7,38,.377,DET,3
,,2015,,Juan Pablo Vaulet,,,-0.6,,,,,,,,,,,39,,CHO,
11.6,.085,2015,28.7,Josh Richardson,3.1,546,,1451,27.7,6349,15665,Tennessee,2.7,1673,.364,.846,-0.6,40,.429,MIA,9
6.1,.103,2015,19.5,Pat Connaughton,3.5,558,5.7,763,23.4,3383,10906,Notre Dame,1.4,1928,.357,.775,-0.4,41,.435,BRK,10
,,2015,,Olivier Hanlan,,,4.3,,,,,Boston College,,,,,,42,,UTA,
3.4,.016,2015,8.5,Joe Young,1.0,127,,119,0.4,429,1077,Oregon,0.9,130,.296,.768,-4.1,43,.393,IND,3
7.0,.051,2015,20.6,Andrew Harrison,2.0,145,-0.6,399,3.2,1012,2987,Kentucky,2.8,287,.294,.779,-2.8,44,.373,PHO,3
,,2015,,Marcus Thornton,,,-0.6,,,,,William & Mary,,,,,,45,,BOS,
12.4,.101,2015,23.4,Norman Powell,2.6,561,,822,27.7,6955,13116,UCLA,1.5,1471,.395,.828,-0.1,46,.469,MIL,10
,,2015,,ArtÅ«ras Gudaitis,,,6.2,,,,,,,,,,,47,,PHI,
1.8,.178,2015,5.2,Dakari Johnson,1.1,31,,8,0.6,55,161,Kentucky,0.3,34,,.550,-0.3,48,.564,OKC,1
,,2015,,Aaron White,,,0.1,,,,,Iowa,,,,,,49,,WAS,
,,2015,,Marcus Eriksson,,,,,,,,,,,,,,50,,ATL,
,,2015,,Tyler Harvey,,,,,,,,Eastern Washington,,,,,,51,,ORL,
,,2015,,Satnam Singh,,,,,,,,,,,,,,52,,DAL,
,,2015,,Sir'Dominic Pointer,,,,,,,,St. John's,,,,,,53,,CLE,
,,2015,,Dani DÃ­ez,,,,,,,,,,,,,,54,,UTA,
,,2015,,Cady Lalanne,,,,,,,,UMass,,,,,,55,,SAS,
0.8,.069,2015,4.8,Branden Dawson,0.7,6,,0,0.0,5,29,Michigan State,0.0,4,,1.000,-5.7,56,.400,NOP,1
,,2015,,Nikola RadiÄeviÄ,,,0.0,,,,,,,,,,,57,,DEN,
,,2015,,J.P. Tokoto,,,,,,,,UNC,,,,,,58,,PHI,
,,2015,,Dimitrios Agravanis,,,,,,,,,,,,,,59,,ATL,
,,2015,,Luka MitroviÄ,,,,,,,,,,,,,,60,,PHI,
pts_per_g,ws_per_48,year,mp_per_g,player,trb_per_g,g,vorp,ast,ws,pts,mp,college_name,ast_per_g,trb,fg3_pct,ft_pct,bpm,pick_overall,fg_pct,team_id,seasons
14.3,.148,2016,32.4,Ben Simmons,7.8,336,,2489,33.6,4788,10886,LSU,7.4,2621,.139,.590,3.3,1,.561,PHI,7
19.4,.084,2016,33.0,Brandon Ingram,5.2,482,14.5,2057,27.6,9368,15883,Duke,4.3,2498,.363,.787,0.1,2,.468,LAL,9
18.7,.104,2016,30.2,Jaylen Brown,5.3,545,8.5,1321,35.7,10167,16486,California,2.4,2877,.363,.721,0.3,3,.479,BOS,9
5.4,.006,2016,20.1,Dragan Bender,3.9,187,9.7,237,0.5,1014,3755,,1.3,720,.323,.654,-3.9,4,.399,PHO,4
7.9,.050,2016,23.1,Kris Dunn,3.3,337,-1.9,1416,8.1,2670,7800,Providence,4.2,1125,.325,.738,-1.4,5,.439,MIN,9
15.6,.067,2016,28.9,Buddy Hield,4.2,637,1.1,1654,25.7,9926,18437,Oklahoma,2.6,2690,.401,.861,0.4,6,.435,NOP,9
17.5,.106,2016,30.7,Jamal Murray,3.8,473,11.4,2125,32.1,8262,14530,Kentucky,4.5,1777,.380,.868,0.9,7,.452,DEN,8
7.6,.058,2016,18.3,Marquese Chriss,4.7,292,10.6,298,6.5,2206,5338,Washington,1.0,1366,.290,.667,-2.4,8,.456,SAC,6
8.4,.158,2016,21.7,Jakob Poeltl,6.8,543,-0.5,937,38.9,4556,11793,Utah,1.7,3669,.500,.542,1.1,9,.630,TOR,9
4.6,.087,2016,13.8,Thon Maker,2.8,263,9.1,161,6.6,1216,3624,,0.6,726,.327,.680,-2.1,10,.435,MIL,5
15.8,.165,2016,30.4,Domantas Sabonis,10.3,580,-0.1,2761,60.6,9161,17615,Gonzaga,4.8,5952,.336,.727,3.2,11,.557,ORL,9
10.1,.046,2016,24.4,Taurean Prince,3.6,506,23.1,857,11.8,5122,12362,Baylor,1.7,1828,.377,.811,-2.1,12,.425,UTA,9
4.1,.044,2016,12.2,Georgios Papagiannis,3.2,39,-0.3,29,0.4,160,477,,0.7,123,.000,.857,-3.9,13,.514,PHO,2
7.0,.044,2016,18.8,Denzel Valentine,3.3,256,-0.2,466,4.5,1795,4817,Michigan State,1.8,857,.360,.787,-1.9,14,.394,CHI,5
5.0,.080,2016,15.5,Juancho HernangÃ³mez,3.3,339,0.2,216,8.7,1711,5269,,0.6,1131,.342,.676,-1.9,15,.428,DEN,7
2.6,.096,2016,7.2,Guerschon Yabusele,1.6,78,0.1,41,1.1,200,565,,0.5,121,.316,.680,-1.9,16,.444,BOS,3
3.1,-.028,2016,10.3,Wade Baldwin,1.2,56,0.0,78,-0.3,174,579,Vanderbilt,1.4,69,.250,.776,-5.3,17,.355,MEM,3
4.1,.023,2016,9.5,Henry Ellenson,2.5,83,-0.5,49,0.4,342,787,Marquette,0.6,206,.336,.773,-3.7,18,.371,DET,5
10.9,.064,2016,23.1,Malik Beasley,2.8,501,-0.3,656,15.4,5460,11578,Florida State,1.3,1411,.384,.798,-1.3,19,.424,DEN,9
14.1,.076,2016,28.1,Caris LeVert,3.8,465,2.0,1909,20.6,6557,13063,Michigan,4.1,1786,.343,.738,-0.3,20,.435,IND,9
5.9,.038,2016,19.2,DeAndre' Bembry,3.2,296,5.6,533,4.4,1750,5670,Saint Joseph's,1.8,950,.283,.611,-2.3,21,.474,ATL,6
2.8,-.009,2016,8.9,Malachi Richardson,1.0,70,-0.4,24,-0.1,198,625,Syracuse,0.3,70,.301,.783,-6.1,22,.358,CHO,3
6.0,.110,2016,13.4,Ante Å½iÅ¾iÄ,3.9,113,-0.7,64,3.5,674,1517,,0.6,446,,.711,-2.6,23,.581,BOS,3
5.9,.043,2016,16.0,TimothÃ© Luwawu-Cabarrot,2.0,328,-0.2,293,4.7,1937,5254,,0.9,656,.335,.829,-4.0,24,.391,PHI,6
2.2,.062,2016,5.1,Brice Johnson,1.6,21,-2.7,3,0.1,47,107,UNC,0.1,34,.000,.600,-0.6,25,.449,LAC,2
6.8,.067,2016,16.6,Furkan Korkmaz,2.0,328,0.0,391,7.6,2244,5447,,1.2,646,.356,.761,-2.0,26,.406,PHI,7
17.7,.135,2016,31.0,Pascal Siakam,6.6,556,0.1,2024,48.6,9850,17256,New Mexico State,3.6,3681,.332,.766,2.0,27,.496,TOR,9
7.2,.081,2016,17.5,Skal LabissiÃ¨re,4.5,148,17.5,152,4.4,1069,2595,Kentucky,1.0,662,.353,.748,-2.3,28,.492,PHO,4
15.4,.091,2016,29.1,Dejounte Murray,5.8,473,-0.2,2500,26.1,7275,13763,Washington,5.3,2733,.344,.787,1.6,29,.457,SAS,8
4.9,.143,2016,13.6,Damian Jones,3.1,279,12.5,193,11.3,1366,3782,Vanderbilt,0.7,869,.351,.715,-1.0,30,.656,GSW,8
4.2,.131,2016,12.1,Deyonta Davis,3.2,107,1.0,47,3.6,454,1299,Michigan State,0.4,346,.000,.635,-2.1,31,.599,BOS,3
9.2,.176,2016,21.6,Ivica Zubac,7.5,508,0.0,594,40.1,4687,10952,,1.2,3786,.083,.736,0.4,32,.611,LAL,9
5.2,.139,2016,11.9,Cheick Diallo,4.1,183,6.5,78,6.3,958,2186,Kansas,0.4,759,.286,.774,-1.4,33,.596,LAC,5
7.5,.008,2016,20.9,Tyler Ulis,1.7,133,0.3,537,0.5,998,2782,Kentucky,4.0,223,.280,.808,-3.6,34,.403,PHO,3
,,2016,,Rade Zagorac,,,-1.1,,,,,,,,,,,35,,BOS,
15.4,.121,2016,29.4,Malcolm Brogdon,4.2,439,,2058,32.6,6772,12917,Virginia,4.7,1826,.391,.873,1.4,36,.464,MIL,8
3.0,.043,2016,12.3,Chinanu Onuaku,2.3,6,11.1,4,0.1,18,74,Louisville,0.7,14,,1.000,-5.4,37,.583,HOU,2
3.8,.062,2016,16.9,Patrick McCaw,1.6,199,-0.1,270,4.4,760,3373,UNLV,1.4,319,.305,.785,-2.8,38,.420,MIL,5
,,2016,,David Michineau,,,-0.6,,,,,,,,,,,39,,NOP,
1.4,-.211,2016,3.4,Diamond Stone,0.9,7,,0,-0.1,10,24,Maryland,0.0,6,,1.000,-20.8,40,.231,NOP,1
1.2,-.005,2016,5.7,Stephen Zimmerman,1.8,19,-0.1,4,0.0,23,108,UNLV,0.2,35,,.600,-8.3,41,.323,ORL,1
7.2,-.025,2016,20.5,Isaiah Whitehead,2.4,89,-0.2,212,-0.9,643,1823,Seton Hall,2.4,210,.305,.788,-5.0,42,.411,UTA,2
1.3,-.093,2016,6.6,Zhou Qi,1.2,19,-1.4,2,-0.2,24,125,,0.1,22,.105,.667,-9.6,43,.212,HOU,2
,,2016,,IsaÃ¯a Cordinier,,,-0.2,,,,,,,,,,,44,,ATL,
1.8,.087,2016,5.2,Demetrius Jackson,0.7,26,,17,0.2,48,136,Notre Dame,0.7,19,.286,.667,-0.5,45,.486,BOS,3
2.2,-.001,2016,7.4,A.J. Hammons,1.6,22,0.1,4,0.0,48,163,Purdue,0.2,36,.500,.450,-6.6,46,.405,DAL,1
4.8,.059,2016,12.8,Jake Layman,1.7,243,-0.2,127,3.8,1175,3099,Maryland,0.5,417,.300,.719,-2.3,47,.460,ORL,6
4.7,-.001,2016,17.0,Paul Zipser,2.6,98,-0.2,82,0.0,458,1667,,0.8,256,.335,.769,-5.2,48,.371,CHI,2
0.4,-.136,2016,3.6,Michael Gbinije,0.3,9,-1.4,2,-0.1,4,32,Syracuse,0.2,3,.000,1.000,-12.1,49,.100,DET,1
7.0,.080,2016,16.8,Georges Niang,2.3,470,-0.1,427,13.2,3289,7888,Iowa State,0.9,1100,.397,.866,-1.6,50,.440,IND,9
0.0,-.473,2016,3.3,Ben Bentil,0.7,3,0.8,0,-0.1,0,10,Providence,0.0,2,.000,,-25.9,51,.000,BOS,1
1.7,.132,2016,5.1,Joel Bolomboy,1.5,18,-0.1,2,0.3,31,91,Weber State,0.1,27,.200,.500,-0.1,52,.545,UTA,2
1.1,-.015,2016,2.9,Petr Cornelie,1.1,13,0.0,3,0.0,14,38,,0.2,14,.125,.750,-8.8,53,.333,DEN,1
3.8,-.041,2016,9.1,Kay Felder,1.0,58,-0.1,78,-0.4,223,526,Oakland,1.3,59,.268,.754,-4.7,54,.364,ATL,2
2.4,-.006,2016,5.6,Marcus Paige,0.8,5,-0.4,3,0.0,12,28,UNC,0.6,4,.250,1.000,-8.8,55,.286,BRK,1
2.8,.000,2016,9.3,Daniel Hamilton,2.1,25,0.0,30,0.0,69,232,UConn,1.2,52,.357,.500,-3.3,56,.394,DEN,2
,,2016,,Wang Zhelin,,,-0.1,,,,,,,,,,,57,,MEM,
4.6,.052,2016,12.8,Abdel Nader,1.9,202,,110,2.8,926,2583,Iowa State,0.5,376,.357,.718,-2.6,58,.428,BOS,5
,,2016,,Isaiah Cousins,,,-0.4,,,,,Oklahoma,,,,,,59,,SAC,
5.1,.003,2016,15.3,Tyrone Wallace,2.1,112,,127,0.1,566,1714,California,1.1,236,.207,.656,-5.2,60,.422,UTA,4
pts_per_g,ws_per_48,year,mp_per_g,player,trb_per_g,g,vorp,ast,ws,pts,mp,college_name,ast_per_g,trb,fg3_pct,ft_pct,bpm,pick_overall,fg_pct,team_id,seasons
11.1,.069,2017,25.4,Markelle Fultz,3.4,234,,1084,8.5,2595,5939,Washington,4.6,797,.274,.731,-1.1,1,.472,PHI,7
11.8,.067,2017,32.3,Lonzo Ball,5.7,255,1.3,1574,11.5,3009,8234,UCLA,6.2,1455,.364,.578,1.0,2,.400,LAL,6
23.2,.154,2017,34.2,Jayson Tatum,7.2,518,6.3,1838,56.9,12003,17738,Duke,3.5,3705,.375,.843,3.6,3,.461,BOS,8
11.3,-.012,2017,23.1,Josh Jackson,4.0,291,25.1,534,-1.7,3276,6718,Kansas,1.8,1159,.292,.680,-3.8,4,.416,PHO,5
21.2,.092,2017,32.9,De'Aaron Fox,3.8,473,-3.1,2900,29.9,10026,15564,Kentucky,6.1,1802,.334,.737,0.9,5,.471,SAC,8
8.3,.112,2017,22.1,Jonathan Isaac,5.1,207,11.4,183,10.7,1728,4575,Florida State,0.9,1053,.343,.768,1.0,6,.448,ORL,6
18.1,.119,2017,30.9,Lauri Markkanen,7.3,407,3.5,594,31.2,7380,12596,Arizona,1.5,2952,.376,.866,1.2,7,.458,MIN,8
4.8,.003,2017,17.0,Frank Ntilikina,1.8,321,10.0,693,0.3,1535,5454,,2.2,563,.320,.762,-4.4,8,.369,NYK,7
9.7,.015,2017,23.3,Dennis Smith Jr.,3.0,326,-3.4,1381,2.3,3160,7601,NC State,4.2,967,.298,.674,-2.1,9,.407,DAL,7
8.3,.073,2017,19.6,Zach Collins,4.9,318,-0.2,579,9.4,2629,6217,Gonzaga,1.8,1559,.338,.753,-1.7,10,.479,SAC,7
11.6,.061,2017,21.6,Malik Monk,2.5,462,0.5,1307,12.6,5377,9988,Kentucky,2.8,1144,.355,.844,-1.1,11,.433,CHO,8
10.0,.102,2017,23.5,Luke Kennard,2.8,395,2.3,830,19.7,3941,9287,Duke,2.1,1118,.439,.879,-0.2,12,.454,DET,7
24.8,.133,2017,34.2,Donovan Mitchell,4.3,473,4.3,2201,44.9,11738,16162,Louisville,4.7,2015,.366,.842,3.4,13,.450,DEN,8
15.3,.163,2017,30.0,Bam Adebayo,8.7,493,22.2,1719,50.3,7557,14806,Kentucky,3.5,4304,.205,.754,2.6,14,.546,MIA,8
6.0,.052,2017,17.5,Justin Jackson,2.3,280,17.1,285,5.3,1676,4886,UNC,1.0,654,.319,.796,-2.8,15,.423,POR,7
3.9,.066,2017,13.5,Justin Patton,2.7,22,-1.0,19,0.4,86,296,Creighton,0.9,60,.250,.667,-2.8,16,.404,CHI,4
4.4,.077,2017,12.3,D.J. Wilson,3.1,148,-0.1,110,2.9,657,1818,Michigan,0.7,454,.331,.618,-2.4,17,.422,MIL,6
3.3,.104,2017,8.5,T.J. Leaf,1.9,146,-0.2,43,2.7,477,1238,UCLA,0.3,283,.341,.585,-1.8,18,.492,IND,4
15.7,.140,2017,28.9,John Collins,8.0,436,0.1,624,36.8,6854,12603,Wake Forest,1.4,3503,.358,.787,0.6,19,.546,ATL,8
5.4,.076,2017,11.7,Harry Giles,3.5,165,8.3,180,3.1,888,1935,Duke,1.1,573,.244,.661,-2.5,20,.508,POR,4
4.5,.053,2017,19.6,Terrance Ferguson,1.3,204,-0.2,144,4.4,924,4000,,0.7,263,.334,.753,-4.0,21,.404,OKC,4
12.8,.195,2017,28.2,Jarrett Allen,9.2,491,-2.1,796,56.2,6274,13869,Texas,1.6,4496,.171,.712,2.1,22,.632,BRK,8
12.0,.097,2017,29.1,OG Anunoby,4.3,422,14.4,673,24.8,5045,12290,Indiana,1.6,1800,.375,.745,0.0,23,.474,TOR,8
0.9,.084,2017,3.7,Tyler Lydon,0.7,26,6.3,6,0.2,23,96,Syracuse,0.2,18,.400,.333,-4.3,24,.500,UTA,2
5.6,.038,2017,15.8,AnÅ¾ejs PaseÄÅiks,3.9,28,-0.1,19,0.4,156,443,,0.7,108,.000,.586,-6.2,25,.521,ORL,2
2.3,-.015,2017,8.7,Caleb Swanigan,2.9,75,-0.5,56,-0.2,169,655,Purdue,0.7,218,.118,.614,-6.2,26,.438,POR,3
17.3,.048,2017,31.3,Kyle Kuzma,6.4,479,-0.7,1305,15.2,8297,15011,Utah,2.7,3064,.337,.733,-1.1,27,.450,BRK,8
4.4,.181,2017,11.1,Tony Bradley,4.1,179,3.3,90,7.5,792,1994,UNC,0.5,729,.500,.681,0.2,28,.631,LAL,6
12.4,.132,2017,27.6,Derrick White,3.5,423,1.1,1724,32.1,5247,11673,Colorado,4.1,1486,.365,.855,2.0,29,.451,SAS,8
9.8,.100,2017,29.3,Josh Hart,6.6,457,11.7,1249,27.8,4480,13373,Villanova,2.7,3010,.343,.749,0.0,30,.460,UTA,8
8.5,.031,2017,18.1,Frank Jackson,1.8,214,6.7,222,2.5,1816,3873,Duke,1.0,392,.332,.786,-3.9,31,.421,CHO,5
3.1,.054,2017,10.6,Davon Reed,1.7,122,-1.9,92,1.5,373,1299,Miami (FL),0.8,212,.385,.667,-2.9,32,.408,PHO,4
4.4,.053,2017,16.9,Wes Iwundu,2.5,226,-0.3,208,4.2,989,3827,Kansas State,0.9,555,.292,.798,-3.9,33,.408,ORL,5
6.7,.035,2017,15.7,Frank Mason III,2.0,103,-1.8,272,1.2,695,1616,Kansas,2.6,204,.301,.755,-2.7,34,.396,SAC,4
5.7,.125,2017,14.6,Ivan Rabb,4.3,85,-0.3,86,3.2,485,1237,California,1.0,364,.200,.743,-1.7,35,.555,ORL,2
4.3,.098,2017,13.5,Jonah Bolden,3.4,51,0.1,40,1.4,217,686,,0.8,174,.340,.484,-1.3,36,.486,PHI,2
3.4,.060,2017,14.5,Semi Ojeleye,2.2,284,0.1,126,5.2,975,4111,SMU,0.4,613,.344,.717,-3.4,37,.384,BOS,5
3.7,.121,2017,12.0,Jordan Bell,3.1,161,-1.5,201,4.9,593,1937,Oregon,1.2,497,.200,.636,0.2,38,.552,CHI,5
4.2,-.022,2017,15.1,Jawun Evans,1.7,56,1.1,110,-0.4,237,843,Oklahoma State,2.0,96,.263,.776,-5.4,39,.345,PHI,2
7.3,.010,2017,19.4,Dwayne Bacon,2.6,207,-0.7,230,0.8,1503,4012,Florida State,1.1,537,.314,.780,-5.1,40,.402,NOP,4
6.6,.031,2017,15.7,Tyler Dorsey,2.3,107,-3.1,135,1.1,710,1680,Oregon,1.3,245,.351,.669,-3.0,41,.392,ATL,3
9.4,.169,2017,18.5,Thomas Bryant,5.4,271,-0.5,277,17.6,2552,5003,Indiana,1.0,1460,.358,.769,1.1,42,.596,UTA,8
6.0,.176,2017,18.0,Isaiah Hartenstein,5.6,322,3.9,538,21.2,1947,5784,,1.7,1812,.310,.689,1.8,43,.596,HOU,6
7.5,.034,2017,19.9,Damyean Dotson,2.5,213,5.5,315,3.0,1594,4242,Oregon,1.5,532,.345,.711,-2.8,44,.417,NYK,5
14.2,.038,2017,29.1,Dillon Brooks,3.2,421,-0.9,855,9.8,5960,12250,Oregon,2.0,1335,.345,.804,-3.8,45,.417,HOU,8
5.3,.071,2017,16.6,Sterling Brown,3.3,268,-5.6,268,6.6,1431,4458,SMU,1.0,891,.363,.796,-2.1,46,.419,PHI,6
0.9,.057,2017,2.6,Ike Anigbogu,0.9,14,-0.1,1,0.0,13,36,UCLA,0.1,12,,.833,-1.1,47,.333,IND,2
2.5,.032,2017,10.8,Sindarius Thornwell,1.3,160,0.0,111,1.1,401,1721,South Carolina,0.7,206,.340,.672,-3.1,48,.407,MIL,4
3.5,.087,2017,10.6,Vlatko ÄanÄar,1.7,131,-0.5,114,2.5,461,1393,,0.9,220,.361,.847,-2.1,49,.479,DEN,5
,,2017,,Mathias Lessort,,,0.0,,,,,,,,,,,50,,PHI,
9.9,.125,2017,24.5,Monte Morris,2.4,379,,1445,24.1,3768,9282,Iowa State,3.8,928,.391,.822,0.4,51,.476,DEN,8
6.2,.069,2017,14.0,Edmond Sumner,1.5,161,5.7,182,3.2,997,2256,Xavier,1.1,244,.341,.811,-3.0,52,.470,NOP,5
5.5,.075,2017,13.6,Kadeem Allen,1.5,47,-0.6,109,1.0,258,640,Arizona,2.3,71,.349,.757,-1.2,53,.435,BOS,3
4.1,.055,2017,11.3,Alec Peters,1.9,20,0.1,12,0.3,82,225,Valparaiso,0.6,37,.310,.800,-2.8,54,.378,PHO,1
1.4,.017,2017,5.0,Nigel Williams-Goss,0.6,10,0.0,6,0.0,14,50,Gonzaga,0.6,6,.286,1.000,-3.9,55,.313,UTA,1
3.0,.098,2017,8.8,Jabari Bird,1.5,13,0.0,8,0.2,39,115,California,0.6,19,.429,.462,-3.1,56,.577,BOS,1
5.4,.098,2017,12.2,Sasha Vezenkov,2.3,42,0.0,19,1.0,225,511,,0.5,96,.375,.800,-0.9,57,.440,BRK,1
,,2017,,Ognjen Jaramaz,,,0.1,,,,,,,,,,,58,,NYK,
4.2,.030,2017,16.3,Jaron Blossomgame,3.6,27,,13,0.3,114,439,Clemson,0.5,98,.256,.769,-3.8,59,.443,SAS,1
,,2017,,Alpha Kaba,,,-0.2,,,,,,,,,,,60,,ATL,
pts_per_g,ws_per_48,year,mp_per_g,player,trb_per_g,g,vorp,ast,ws,pts,mp,college_name,ast_per_g,trb,fg3_pct,ft_pct,bpm,pick_overall,fg_pct,team_id,seasons
16.6,.150,2018,30.9,Deandre Ayton,10.5,363,,591,35.1,6038,11228,Arizona,1.6,3822,.250,.761,0.9,1,.591,PHO,7
12.8,.093,2018,23.8,Marvin Bagley III,6.9,262,8.3,243,12.0,3364,6237,Duke,0.9,1820,.294,.692,-1.6,2,.518,SAC,7
28.7,.175,2018,34.9,Luka DonÄiÄ,8.7,404,0.6,3345,51.5,11577,14092,,8.3,3509,.346,.748,7.7,3,.469,ATL,7
17.7,.114,2018,28.3,Jaren Jackson Jr.,5.5,336,34.4,456,22.6,5939,9507,Michigan State,1.4,1855,.345,.792,0.6,4,.462,MEM,7
25.5,.130,2018,34.2,Trae Young,3.6,412,6.4,3926,38.0,10520,14074,Oklahoma,9.5,1477,.354,.874,3.0,5,.436,DAL,7
7.0,.123,2018,17.2,Mo Bamba,5.5,332,17.6,288,14.6,2323,5702,Texas,0.9,1835,.361,.681,0.1,6,.478,ORL,6
12.5,.125,2018,27.6,Wendell Carter Jr.,8.5,320,3.0,642,23.0,3991,8838,Duke,2.0,2733,.330,.728,-0.1,7,.517,CHI,7
18.8,.061,2018,30.1,Collin Sexton,2.8,348,4.2,1248,13.3,6554,10490,Alabama,3.6,983,.382,.834,-1.5,8,.468,CLE,7
7.4,.006,2018,18.0,Kevin Knox,2.9,306,1.2,228,0.7,2276,5522,Kentucky,0.7,876,.341,.723,-4.5,9,.392,NYK,6
14.3,.113,2018,32.7,Mikal Bridges,4.1,478,-3.5,1227,36.7,6833,15626,Villanova,2.6,1958,.375,.844,0.9,10,.481,PHI,7
22.9,.166,2018,32.9,Shai Gilgeous-Alexander,4.8,390,11.5,1900,44.4,8914,12822,Kentucky,4.9,1862,.347,.852,4.4,11,.495,CHO,7
14.8,.078,2018,30.7,Miles Bridges,6.0,364,20.6,893,18.2,5402,11162,Michigan State,2.5,2172,.345,.813,-0.5,12,.469,LAC,6
4.0,-.004,2018,12.5,Jerome Robinson,1.6,135,4.3,136,-0.2,545,1685,Boston College,1.0,214,.297,.711,-4.8,13,.361,LAC,4
15.6,.128,2018,27.9,Michael Porter Jr.,6.3,272,-1.2,329,20.2,4252,7593,Missouri,1.2,1700,.408,.804,0.9,14,.497,DEN,6
6.2,.061,2018,19.0,Troy Brown Jr.,3.6,356,5.4,508,8.6,2196,6778,Oregon,1.4,1288,.351,.783,-1.8,15,.423,WAS,6
3.7,.011,2018,11.0,Zhaire Smith,1.2,13,0.4,12,0.0,48,143,Texas Tech,0.9,15,.316,.667,-6.1,16,.378,PHO,2
10.6,.105,2018,25.5,Donte DiVincenzo,4.4,358,-0.1,987,20.0,3784,9112,Villanova,2.8,1563,.374,.770,0.9,17,.426,MIL,7
9.8,.033,2018,20.3,Lonnie Walker IV,2.3,322,6.6,468,4.6,3171,6548,Miami (FL),1.5,728,.356,.795,-2.5,18,.422,SAS,6
11.9,.071,2018,28.8,Kevin Huerter,3.5,417,-0.9,1263,17.6,4968,11993,Maryland,3.0,1445,.382,.766,-0.8,19,.445,ATL,7
6.3,.067,2018,19.5,Josh Okogie,3.0,376,3.7,447,10.3,2358,7327,Georgia Tech,1.2,1117,.293,.748,-2.1,20,.402,MIN,6
10.5,.111,2018,25.6,Grayson Allen,3.0,341,-0.2,678,20.1,3581,8717,Duke,2.0,1025,.412,.866,0.0,21,.451,UTA,7
5.4,.030,2018,17.4,Chandler Hutchison,3.7,103,4.5,79,1.1,558,1790,Boise State,0.8,376,.309,.643,-3.9,22,.442,CHI,4
6.6,.059,2018,17.0,Aaron Holiday,1.6,387,-0.9,818,8.1,2557,6576,UCLA,2.1,631,.379,.854,-2.1,23,.419,IND,7
14.2,.051,2018,25.6,Anfernee Simons,2.4,324,-0.2,953,8.8,4592,8298,,2.9,792,.385,.875,-1.5,24,.431,POR,7
8.9,.131,2018,16.5,Moritz Wagner,3.9,338,1.1,401,15.2,2997,5563,Michigan,1.2,1310,.322,.821,-0.2,25,.522,LAL,7
8.7,.076,2018,21.9,Landry Shamet,1.7,348,2.6,570,12.1,3027,7627,Wichita State,1.6,601,.384,.840,-2.0,26,.408,PHI,6
7.3,.246,2018,20.5,Robert Williams,6.9,215,0.0,304,22.6,1575,4403,Texas A&M,1.4,1485,.000,.660,4.8,27,.729,BOS,6
2.8,-.047,2018,10.5,Jacob Evans,1.1,59,7.5,54,-0.6,168,622,Cincinnati,0.9,66,.315,.833,-7.4,28,.337,GSW,2
4.3,.003,2018,10.7,DÅ¾anan Musa,1.9,49,-0.8,45,0.0,211,526,,0.9,91,.227,.726,-4.6,29,.376,BRK,2
6.8,.068,2018,17.8,Omari Spellman,4.3,95,-0.4,94,2.4,642,1691,Villanova,1.0,413,.366,.766,-1.5,30,.417,ATL,2
4.8,.014,2018,15.5,Elie Okobo,1.7,108,0.2,242,0.5,523,1677,,2.2,188,.315,.737,-4.1,31,.395,PHO,2
5.3,.066,2018,15.8,Jevon Carter,1.7,377,-0.9,612,8.2,1992,5962,West Virginia,1.6,648,.383,.798,-1.4,32,.396,MEM,7
17.0,.149,2018,28.3,Jalen Brunson,3.2,426,0.8,1997,37.4,7222,12067,Villanova,4.7,1373,.391,.824,2.1,33,.488,DAL,7
11.1,.073,2018,24.9,Devonte' Graham,2.3,336,12.4,1448,12.7,3733,8359,Kansas,4.3,758,.354,.812,-0.5,34,.371,ATL,6
2.7,-.062,2018,9.1,Melvin Frazier,0.9,32,3.2,5,-0.4,87,290,Tulane,0.2,28,.209,.533,-10.0,35,.340,ORL,3
8.0,.207,2018,24.5,Mitchell Robinson,7.9,320,-0.6,199,33.9,2549,7832,,0.6,2538,,.518,2.1,36,.701,NYK,6
14.2,.077,2018,28.8,Gary Trent Jr.,2.4,345,8.1,517,15.9,4914,9939,Duke,1.5,821,.385,.820,-1.1,37,.421,SAC,7
4.1,.058,2018,10.5,Khyri Thomas,1.0,39,2.3,36,0.5,160,409,Creighton,0.9,39,.316,.750,-2.7,38,.388,PHI,3
3.1,.044,2018,13.1,Isaac Bonga,2.2,143,-0.1,118,1.7,439,1871,,0.8,320,.300,.759,-3.6,39,.432,PHI,4
6.0,.052,2018,16.1,Rodions Kurucs,3.1,131,-0.7,113,2.3,780,2103,,0.9,406,.329,.739,-2.8,40,.444,BRK,3
6.1,.132,2018,20.5,Jarred Vanderbilt,6.4,273,-0.4,395,15.4,1661,5594,Kentucky,1.4,1744,.290,.645,0.2,41,.568,ORL,6
8.9,.088,2018,25.1,Bruce Brown,4.2,416,3.0,1033,19.3,3705,10454,Miami (FL),2.5,1765,.337,.764,-1.3,42,.481,DET,6
,,2018,,Justin Jackson,,,1.9,,,,,Maryland,,,,,,43,,DEN,
,,2018,,Issuf Sanon,,,,,,,,,,,,,,44,,WAS,
8.6,.060,2018,18.6,Hamidou Diallo,3.8,265,,283,6.2,2272,4918,Kentucky,1.1,1009,.274,.623,-2.1,45,.495,BRK,6
9.0,.084,2018,22.9,De'Anthony Melton,3.7,353,-0.1,979,14.2,3188,8076,USC,2.8,1300,.368,.781,0.6,46,.410,HOU,7
6.3,.044,2018,15.8,Svi Mykhailiuk,1.7,293,5.3,386,4.2,1835,4626,Kansas,1.3,499,.363,.760,-2.4,47,.404,LAL,6
6.0,.078,2018,16.1,Keita Bates-Diop,3.0,283,-0.4,241,7.4,1697,4566,Ohio State,0.9,848,.333,.751,-1.6,48,.474,MIN,6
5.9,.076,2018,13.7,Chimezie Metu,3.5,260,0.5,197,5.7,1522,3565,USC,0.8,908,.298,.787,-1.6,49,.495,SAS,6
2.5,.108,2018,7.5,Alize Johnson,3.0,76,0.3,32,1.3,189,568,Missouri State,0.4,228,.227,.711,-2.4,50,.481,IND,5
,,2018,,Tony Carr,,,-0.1,,,,,Penn State,,,,,,51,,NOP,
1.5,-.014,2018,8.0,Vince Edwards,1.0,2,,0,0.0,3,16,Purdue,0.0,2,.250,,-6.4,52,.250,UTA,1
1.8,-.116,2018,7.4,Devon Hall,0.6,11,0.0,13,-0.2,20,81,Virginia,1.2,7,.235,.500,-6.7,53,.200,OKC,1
8.4,.084,2018,19.2,Shake Milton,2.2,307,-0.1,759,10.4,2590,5904,SMU,2.5,682,.357,.827,-2.0,54,.450,DAL,7
0.0,-.217,2018,2.5,Arnoldas Kulboka,0.0,2,-0.1,0,0.0,0,5,,0.0,0,.000,,-21.8,55,.000,CHO,1
3.6,.024,2018,10.4,Ray Spalding,3.3,16,0.0,5,0.1,58,167,Louisville,0.3,52,.000,.286,-6.2,56,.529,PHI,2
1.7,-.085,2018,5.2,Kevin Hervey,1.2,10,-0.2,5,-0.1,17,52,UT Arlington,0.5,12,.150,,-5.1,57,.259,OKC,1
1.6,.162,2018,3.3,Thomas Welsh,0.4,11,0.0,5,0.1,18,36,UCLA,0.5,4,.429,.500,1.2,58,.538,DEN,1
0.2,-.225,2018,5.0,George King,1.2,5,0.0,0,-0.1,1,25,Colorado,0.0,6,.000,.500,-17.2,59,.000,PHO,2
1.0,-.098,2018,4.0,Kostas Antetokounmpo,1.0,22,-0.1,3,-0.2,21,87,Dayton,0.1,23,,.474,-9.9,60,.375,PHI,3
pts_per_g,ws_per_48,year,mp_per_g,player,trb_per_g,g,vorp,ast,ws,pts,mp,college_name,ast_per_g,trb,fg3_pct,ft_pct,bpm,pick_overall,fg_pct,team_id,seasons
24.5,.173,2019,31.8,Zion Williamson,6.6,188,,779,21.6,4615,5977,Duke,4.1,1233,.337,.693,4.4,1,.587,NOP,5
22.4,.118,2019,32.1,Ja Morant,4.8,261,9.7,1936,20.6,5859,8388,Murray State,7.4,1258,.316,.756,2.7,2,.471,MEM,6
18.5,.048,2019,33.3,RJ Barrett,5.4,331,10.0,973,11.1,6121,11007,Duke,2.9,1793,.347,.709,-2.1,3,.436,NYK,6
14.3,.046,2019,30.7,De'Andre Hunter,4.1,265,-0.3,409,7.9,3787,8139,Virginia,1.5,1091,.363,.813,-3.2,4,.447,LAL,6
18.4,.077,2019,33.7,Darius Garland,2.6,312,-2.5,2082,17.0,5749,10527,Vanderbilt,6.7,809,.385,.865,-0.3,5,.449,CLE,6
6.5,-.001,2019,17.2,Jarrett Culver,2.8,144,4.5,173,-0.1,934,2480,Texas Tech,1.2,402,.276,.509,-4.5,6,.401,PHO,4
14.1,.064,2019,29.1,Coby White,3.6,353,-1.6,1310,13.8,4991,10284,UNC,3.7,1288,.369,.846,-1.7,7,.428,CHI,6
6.8,.160,2019,15.8,Jaxson Hayes,3.8,316,0.9,208,16.7,2137,5008,Texas,0.7,1193,.268,.709,-0.4,8,.638,ATL,6
12.8,.073,2019,27.0,Rui Hachimura,4.9,283,2.1,365,11.6,3621,7647,Gonzaga,1.3,1379,.375,.764,-2.2,9,.493,WAS,6
9.2,.023,2019,23.9,Cam Reddish,2.8,222,-0.4,275,2.5,2046,5296,Duke,1.2,613,.324,.833,-3.2,10,.397,ATL,6
11.8,.117,2019,25.7,Cameron Johnson,3.9,288,-1.6,484,18.1,3398,7391,UNC,1.7,1116,.392,.830,1.2,11,.446,MIN,6
12.8,.060,2019,30.3,P.J. Washington,5.5,337,5.9,754,12.7,4330,10209,Kentucky,2.2,1870,.353,.704,-1.3,12,.447,CHO,6
18.2,.068,2019,31.8,Tyler Herro,4.9,288,1.9,1057,13.0,5236,9168,Kentucky,3.7,1422,.386,.873,0.0,13,.440,MIA,6
4.6,.043,2019,16.1,Romeo Langford,2.1,141,4.7,97,2.0,650,2268,Indiana,0.7,298,.288,.659,-3.4,14,.430,BOS,4
5.6,-.013,2019,17.1,Sekou Doumbouya,2.8,96,-0.8,66,-0.4,542,1639,,0.7,267,.256,.693,-6.5,15,.388,DET,3
6.3,.055,2019,20.3,Chuma Okeke,3.7,189,-1.8,276,4.4,1189,3832,Auburn,1.5,704,.318,.789,-1.1,16,.383,ORL,4
8.3,.051,2019,19.7,Nickeil Alexander-Walker,2.3,303,0.9,668,6.3,2523,5956,Virginia Tech,2.2,692,.358,.727,-1.4,17,.409,BRK,6
4.9,.136,2019,12.7,Goga Bitadze,3.4,252,0.9,234,9.1,1235,3192,,0.9,861,.244,.671,0.0,18,.515,IND,6
4.5,.001,2019,10.7,Luka Å amaniÄ,2.4,86,1.6,55,0.0,384,921,,0.6,210,.247,.706,-5.6,19,.411,SAS,4
4.8,.091,2019,21.0,Matisse Thybulle,2.0,332,-0.8,360,13.2,1586,6957,Washington,1.1,658,.338,.679,0.7,20,.435,BOS,5
10.6,.185,2019,21.2,Brandon Clarke,5.5,248,4.7,346,20.3,2629,5262,Gonzaga,1.4,1375,.279,.699,2.6,21,.601,OKC,6
7.1,.087,2019,22.6,Grant Williams,3.6,368,6.2,528,15.1,2599,8327,Tennessee,1.4,1323,.379,.769,-1.9,22,.453,BOS,6
8.9,.027,2019,23.4,Darius Bazley,5.2,237,0.3,282,3.1,2113,5536,,1.2,1244,.309,.677,-2.4,23,.414,UTA,5
7.1,.078,2019,17.2,Ty Jerome,1.8,164,-0.6,428,4.6,1165,2821,Virginia,2.6,302,.355,.829,-1.2,24,.428,PHI,6
5.5,.061,2019,15.8,Nassir Little,2.9,237,0.6,170,4.7,1313,3735,UNC,0.7,688,.330,.735,-2.6,25,.452,POR,5
3.2,.072,2019,10.8,Dylan Windler,2.1,101,-0.5,78,1.6,319,1090,Belmont,0.8,212,.347,.800,-1.4,26,.425,CLE,4
2.6,.055,2019,6.9,Mfiondu Kabengele,1.5,55,0.2,19,0.4,143,380,Florida State,0.3,81,.301,.852,-3.6,27,.383,BRK,3
16.2,.049,2019,27.2,Jordan Poole,2.6,348,-0.2,1273,9.7,5641,9470,Michigan,3.7,913,.339,.879,-2.1,28,.420,GSW,6
16.2,.073,2019,29.9,Keldon Johnson,5.5,297,-0.2,676,13.5,4820,8872,Kentucky,2.3,1645,.356,.760,-1.3,29,.463,SAS,6
15.2,.029,2019,29.9,Kevin Porter Jr.,4.3,200,1.5,994,3.7,3031,5988,USC,5.0,854,.354,.726,-1.7,30,.428,MIL,5
10.3,.171,2019,25.4,Nic Claxton,7.8,245,0.5,384,22.2,2527,6226,Georgia,1.6,1915,.158,.543,1.7,31,.662,BRK,6
2.3,.050,2019,9.8,KZ Okpala,1.5,98,5.8,47,1.0,222,965,Stanford,0.5,148,.286,.667,-4.7,32,.409,PHO,4
3.7,.019,2019,9.8,Carsen Edwards,1.1,72,-0.7,52,0.3,267,706,Purdue,0.7,79,.297,.758,-5.1,33,.364,PHI,3
4.0,.076,2019,10.7,Bruno Fernando,3.3,207,-0.5,145,3.5,828,2217,Maryland,0.7,678,.122,.656,-3.2,34,.542,PHI,6
3.6,-.034,2019,15.4,Didi Louzada,1.7,12,-0.7,8,-0.1,43,185,,0.7,20,.355,1.000,-8.1,35,.326,ATL,2
6.1,.065,2019,21.9,Cody Martin,3.6,210,-0.3,481,6.3,1281,4604,Nevada,2.3,757,.322,.654,-1.7,36,.444,CHO,6
1.9,-.032,2019,7.0,Deividas Sirvydis,1.5,23,0.4,6,-0.1,44,160,,0.3,35,.314,.500,-5.9,37,.300,DAL,2
8.7,.194,2019,19.5,Daniel Gafford,5.4,325,-0.2,324,25.6,2835,6341,Arkansas,1.0,1764,.000,.669,1.5,38,.709,CHI,6
3.0,.056,2019,7.7,Alen SmailagiÄ,1.5,29,5.7,17,0.3,87,223,,0.6,43,.304,.720,-3.3,39,.463,NOP,2
3.2,.024,2019,7.5,Justin James,0.9,72,-0.1,40,0.3,228,542,Wyoming,0.6,62,.343,.544,-3.1,40,.446,SAC,2
9.8,.078,2019,19.5,Eric Paschall,3.2,158,-0.2,214,5.0,1552,3086,Villanova,1.4,509,.326,.758,-2.2,41,.494,GSW,3
3.3,.043,2019,10.5,Admiral Schofield,1.6,131,-0.1,78,1.2,426,1372,Tennessee,0.6,215,.326,.782,-4.6,42,.417,PHI,4
8.9,.070,2019,17.0,Jaylen Nowell,2.2,197,-0.9,362,4.9,1748,3351,Washington,1.8,425,.317,.798,-1.9,43,.446,MIN,5
6.0,.086,2019,13.9,Bol Bol,3.6,166,0.1,104,4.1,999,2302,Oregon,0.6,605,.327,.745,-0.6,44,.550,MIA,5
7.7,.068,2019,18.9,Isaiah Roby,4.4,151,0.8,216,4.0,1159,2858,Nebraska,1.4,667,.351,.675,-2.3,45,.485,DET,4
9.7,.044,2019,20.9,Talen Horton-Tucker,2.8,250,-0.2,770,4.8,2432,5231,Iowa State,3.1,704,.293,.776,-1.9,46,.423,ORL,6
5.0,.024,2019,13.1,Ignas Brazdeikis,1.9,64,0.1,58,0.4,318,838,Michigan,0.9,122,.315,.686,-4.9,47,.416,SAC,3
8.1,.114,2019,22.3,Terance Mann,3.6,349,-0.6,677,18.5,2828,7773,Florida State,1.9,1265,.370,.788,-0.8,48,.502,LAC,6
2.1,.030,2019,6.5,Quinndary Weatherspoon,0.8,42,2.4,24,0.2,88,272,Mississippi State,0.6,32,.188,.826,-5.5,49,.452,SAS,3
2.7,.108,2019,6.7,Jarrell Brantley,1.3,41,-0.2,29,0.6,110,273,College of Charleston,0.7,53,.380,.833,0.0,50,.457,IND,3
3.7,.012,2019,10.2,Tremont Waters,0.9,40,0.1,85,0.1,149,407,LSU,2.1,37,.296,.960,-3.0,51,.354,BOS,3
6.9,.056,2019,18.3,Jalen McDaniels,3.3,248,-0.1,291,5.3,1699,4543,San Diego State,1.2,829,.322,.777,-3.3,52,.449,CHO,5
4.8,-.008,2019,11.3,Justin Wright-Foreman,1.3,4,-1.5,7,0.0,19,45,Hofstra,1.8,5,.200,.750,-9.0,53,.350,UTA,1
2.8,-.130,2019,7.0,Marial Shayok,1.8,4,-0.1,1,-0.1,11,28,Iowa State,0.3,7,.333,.750,-13.0,54,.250,PHI,1
3.1,.006,2019,8.1,Kyle Guy,1.0,53,-0.1,50,0.1,165,431,Virginia,0.9,53,.303,.750,-4.9,55,.361,NYK,3
,,2019,,Jaylen Hands,,,-0.3,,,,,UCLA,,,,,,56,,LAC,
2.8,.010,2019,10.4,Jordan Bone,1.2,24,,26,0.1,68,249,Tennessee,1.1,28,.286,,-5.9,57,.378,NOP,2
1.8,.070,2019,8.4,Miye Oni,1.4,80,-0.2,37,1.0,145,672,Yale,0.5,108,.330,.750,-2.5,58,.350,GSW,3
2.3,.043,2019,4.7,Dewan Hernandez,2.3,6,-0.1,3,0.0,14,28,Miami (FL),0.5,14,.500,.600,-9.6,59,.357,TOR,1
,,2019,,Vanja MarinkoviÄ,,,-0.1,,,,,,,,,,,60,,SAC,
pts_per_g,ws_per_48,year,mp_per_g,player,trb_per_g,g,vorp,ast,ws,pts,mp,college_name,ast_per_g,trb,fg3_pct,ft_pct,bpm,pick_overall,fg_pct,team_id,seasons
23.0,.076,2020,34.5,Anthony Edwards,5.2,306,,1255,16.6,7040,10549,Georgia,4.1,1592,.355,.790,0.9,1,.446,MIN,5
9.1,.074,2020,18.9,James Wiseman,5.6,148,7.8,110,4.3,1350,2799,Memphis,0.7,830,.262,.683,-3.9,2,.560,GSW,4
20.2,.096,2020,31.9,LaMelo Ball,6.2,188,-1.4,1392,12.0,3789,6006,,7.4,1171,.375,.838,2.8,3,.427,CHO,5
9.7,.064,2020,27.7,Patrick Williams,4.2,218,7.3,290,8.0,2107,6043,Florida State,1.3,918,.409,.778,-1.9,4,.465,CHI,5
8.4,.084,2020,27.4,Isaac Okoro,2.8,284,0.1,475,13.6,2384,7778,Auburn,1.7,809,.347,.730,-2.2,5,.466,CLE,5
8.5,.175,2020,20.9,Onyeka Okongwu,6.0,237,-0.4,233,18.0,2023,4949,USC,1.0,1420,.312,.757,0.2,6,.638,ATL,5
8.1,-.004,2020,26.1,Killian Hayes,2.9,210,2.7,1090,-0.5,1704,5479,,5.2,619,.277,.775,-3.9,7,.382,DET,4
8.0,.126,2020,16.7,Obi Toppin,3.2,288,-2.7,310,12.6,2298,4799,Dayton,1.1,928,.352,.771,0.9,8,.521,NYK,5
9.8,.057,2020,26.2,Deni Avdija,6.0,292,3.5,741,9.2,2876,7660,,2.5,1747,.322,.743,-1.9,9,.454,WAS,5
8.6,.131,2020,16.4,Jalen Smith,5.2,211,0.3,159,9.5,1812,3461,Maryland,0.8,1098,.342,.737,-0.3,10,.518,PHO,5
13.6,.072,2020,26.9,Devin Vassell,3.7,239,1.4,605,9.7,3239,6419,Florida State,2.5,889,.369,.809,-0.3,11,.444,SAS,4
17.2,.150,2020,32.9,Tyrese Haliburton,3.7,265,2.7,2307,27.2,4556,8720,Iowa State,8.7,985,.390,.853,4.3,12,.475,SAC,5
5.2,.036,2020,13.3,Kira Lewis Jr.,1.3,131,14.0,233,1.3,687,1745,Alabama,1.8,169,.294,.848,-3.5,13,.397,NOP,4
8.4,.072,2020,20.9,Aaron Nesmith,3.2,248,-0.6,256,7.8,2072,5180,Vanderbilt,1.0,791,.375,.809,-2.2,14,.452,BOS,5
13.2,.062,2020,26.3,Cole Anthony,4.6,257,-0.3,1043,8.8,3393,6757,UNC,4.1,1177,.341,.850,-0.8,15,.416,ORL,5
9.2,.088,2020,25.9,Isaiah Stewart,7.6,240,2.1,295,11.3,2213,6209,Washington,1.2,1816,.347,.732,-2.2,16,.497,POR,5
7.5,-.002,2020,20.4,Aleksej Pokusevski,4.6,168,-0.4,327,-0.2,1253,3429,,1.9,778,.304,.702,-3.1,17,.391,MIN,4
6.4,.083,2020,20.3,Josh Green,2.7,225,-1.0,345,7.9,1449,4568,Arizona,1.5,610,.378,.689,-2.3,18,.503,DAL,5
14.1,.079,2020,30.2,Saddiq Bey,5.2,292,-0.3,538,14.6,4103,8804,Villanova,1.8,1532,.352,.842,-0.7,19,.408,BRK,4
7.8,.087,2020,19.9,Precious Achiuwa,5.7,263,2.9,258,9.5,2041,5226,Memphis,1.0,1496,.307,.608,-2.4,20,.481,MIA,4
18.4,.131,2020,31.1,Tyrese Maxey,2.9,270,-0.5,1104,22.9,4959,8395,Kentucky,4.1,793,.391,.860,1.2,21,.465,PHI,5
4.5,.108,2020,12.3,Zeke Nnaji,2.4,195,6.7,77,5.4,869,2401,Arizona,0.4,476,.368,.662,-2.9,22,.511,DEN,5
1.1,-.048,2020,6.3,Leandro Bolmaro,1.0,49,-0.6,28,-0.3,56,309,,0.6,50,.227,.846,-7.8,23,.270,NYK,2
6.8,.013,2020,18.3,R.J. Hampton,2.7,170,-0.5,307,0.8,1155,3116,,1.8,466,.338,.679,-3.8,24,.408,MIL,4
13.7,.123,2020,25.3,Immanuel Quickley,3.4,292,-1.4,1016,18.9,3991,7388,Kentucky,3.5,982,.375,.857,1.1,25,.421,OKC,5
7.7,.127,2020,17.9,Payton Pritchard,2.4,272,5.7,617,12.9,2090,4875,Oregon,2.3,661,.398,.868,0.2,26,.444,BOS,5
3.0,.133,2020,8.6,Udoka Azubuike,2.8,84,2.8,14,2.0,256,724,Kansas,0.2,235,,.444,-1.5,27,.758,UTA,4
9.8,.071,2020,27.6,Jaden McDaniels,3.7,288,0.1,409,11.7,2818,7947,Washington,1.4,1067,.352,.730,-2.4,28,.483,LAL,5
5.5,.045,2020,14.2,Malachi Flynn,1.7,213,-0.9,407,2.8,1168,3032,San Diego State,1.9,369,.334,.745,-2.6,29,.387,TOR,4
17.5,.129,2020,28.9,Desmond Bane,4.2,249,-0.5,824,19.3,4347,7201,TCU,3.3,1047,.415,.880,2.2,30,.469,BOS,5
1.0,-.035,2020,4.5,Tyrell Terry,0.5,13,7.6,6,0.0,13,59,Stanford,0.5,6,.000,.333,-4.8,31,.353,DAL,2
1.9,.058,2020,5.1,Vernon Carey Jr.,1.4,37,0.0,5,0.2,72,187,Duke,0.1,50,.143,.654,-6.3,32,.474,CHO,3
1.9,.086,2020,5.7,Daniel Oturu,1.6,33,-0.2,10,0.3,63,188,Minnesota,0.3,53,.167,.706,-5.2,33,.431,MIN,2
7.8,-.002,2020,21.2,ThÃ©o Maledon,2.8,177,-0.2,518,-0.2,1373,3753,,2.9,489,.310,.793,-4.6,34,.372,PHI,4
5.9,.123,2020,17.3,Xavier Tillman Sr.,4.1,232,-2.4,314,10.3,1368,4014,Michigan State,1.4,951,.268,.574,0.2,35,.518,SAC,5
1.0,-.033,2020,3.9,Tyler Bey,1.1,18,2.2,3,0.0,18,71,Colorado,0.2,19,.250,.600,-9.5,36,.318,PHI,1
4.4,.044,2020,17.1,Vit Krejci,2.2,85,-0.1,128,1.3,376,1452,,1.5,184,.345,.784,-4.6,37,.435,WAS,4
5.2,.085,2020,14.5,Saben Lee,1.9,134,-0.9,378,3.5,697,1943,Vanderbilt,2.8,260,.271,.734,-1.4,38,.421,UTA,4
2.9,-.039,2020,9.2,Elijah Hughes,1.2,54,0.3,28,-0.4,157,498,Syracuse,0.5,67,.280,.769,-6.4,39,.328,NOP,2
1.1,-.077,2020,3.5,Robert Woodard II,1.1,25,-0.5,5,-0.1,27,87,Mississippi State,0.2,27,.200,.500,-7.7,40,.278,MEM,2
8.6,.101,2020,22.0,Tre Jones,2.8,252,-0.1,1201,11.7,2156,5555,Duke,4.8,711,.301,.842,-0.8,41,.481,SAS,5
6.9,.147,2020,17.3,Nick Richards,5.4,204,1.7,115,10.8,1403,3528,Kentucky,0.6,1099,.250,.729,-2.0,42,.661,NOP,5
3.8,-.008,2020,8.9,Jahmi'us Ramsey,1.2,39,0.0,21,-0.1,147,349,Texas Tech,0.5,45,.271,.680,-5.4,43,.416,SAC,3
1.4,-.026,2020,3.4,Marko Simonovic,0.8,16,-0.3,0,0.0,23,55,,0.0,12,.222,.692,-12.3,44,.273,CHI,2
7.6,.043,2020,16.3,Jordan Nwora,3.2,206,-0.1,216,3.0,1564,3359,Louisville,1.0,659,.376,.807,-2.8,45,.433,MIL,4
4.6,.018,2020,15.5,CJ Elleby,2.9,88,-0.7,97,0.5,407,1366,Washington State,1.1,259,.275,.717,-5.2,46,.390,POR,2
,,2020,,Yam Madar,,,-1.1,,,,,,,,,,,47,,BOS,
4.1,.029,2020,12.1,Nico Mannion,1.5,30,,70,0.2,123,364,Arizona,2.3,46,.367,.821,-3.9,48,.342,GSW,1
6.8,.105,2020,15.5,Isaiah Joe,1.8,251,-0.2,247,8.6,1703,3899,Arkansas,1.0,452,.397,.841,-0.5,49,.426,PHI,5
4.3,.092,2020,10.6,Skylar Mays,1.2,105,1.5,182,2.1,451,1111,LSU,1.7,122,.345,.859,-0.7,50,.445,ATL,4
,,2020,,Justinian Jessup,,,0.4,,,,,Boise State,,,,,,51,,GSW,
8.9,.093,2020,21.6,KJ Martin,4.2,270,,327,11.4,2397,5845,,1.2,1135,.338,.662,-1.5,52,.545,SAC,5
1.9,.051,2020,4.7,Cassius Winston,0.3,29,0.7,19,0.1,55,137,Michigan State,0.7,10,.435,.900,-4.9,53,.409,OKC,2
2.7,-.006,2020,7.5,Cassius Stanley,1.2,33,-0.1,5,0.0,88,248,Duke,0.2,39,.233,.895,-7.9,54,.360,IND,2
4.0,-.014,2020,9.8,Jay Scrubb,1.5,24,-0.4,10,-0.1,97,235,John A. Logan College,0.4,36,.313,.765,-6.6,55,.416,BRK,3
2.6,.177,2020,3.9,Grant Riller,0.1,7,-0.3,3,0.1,18,27,College of Charleston,0.4,1,.500,,5.1,56,.667,CHO,1
4.7,.048,2020,11.1,Reggie Perry,3.3,36,0.0,26,0.4,170,398,Mississippi State,0.7,120,.189,.679,-5.5,57,.459,LAC,2
5.1,.167,2020,13.1,Paul Reed,4.2,216,-0.3,165,9.8,1091,2831,DePaul,0.8,904,.312,.690,0.3,58,.555,PHI,5
7.4,.079,2020,13.2,Jalen Harris,1.4,13,1.7,17,0.3,96,172,Nevada,1.3,18,.472,.778,0.3,59,.500,TOR,1
6.1,.118,2020,14.1,Sam Merrill,1.6,107,0.1,147,3.7,651,1514,Utah State University,1.4,171,.394,.905,-0.2,60,.401,NOP,5
pts_per_g,ws_per_48,year,mp_per_g,player,trb_per_g,g,vorp,ast,ws,pts,mp,college_name,ast_per_g,trb,fg3_pct,ft_pct,bpm,pick_overall,fg_pct,team_id,seasons
20.2,.014,2021,33.2,Cade Cunningham,5.1,143,,929,1.4,2886,4745,Oklahoma State,6.5,724,.332,.858,-0.5,1,.433,DET,4
19.9,.039,2021,32.7,Jalen Green,4.1,229,1.7,759,6.1,4565,7479,,3.3,948,.339,.795,-1.6,2,.421,HOU,4
15.7,.142,2021,33.1,Evan Mobley,8.8,203,0.7,569,19.9,3192,6724,USC,2.8,1790,.272,.686,1.6,3,.545,CLE,4
16.7,.102,2021,35.0,Scottie Barnes,7.4,215,6.0,1014,16.0,3581,7523,Florida State,4.7,1594,.309,.763,1.5,4,.473,TOR,4
11.7,.051,2021,26.0,Jalen Suggs,3.2,181,6.6,589,5.0,2115,4713,Gonzaga,3.3,586,.338,.759,-1.2,5,.423,ORL,4
13.9,.070,2021,28.9,Josh Giddey,7.3,215,0.9,1229,9.1,2997,6218,,5.7,1576,.317,.745,0.7,6,.464,OKC,4
11.9,.107,2021,21.5,Jonathan Kuminga,3.9,216,4.3,360,10.3,2563,4643,,1.7,837,.336,.707,-1.2,7,.521,GSW,4
17.8,.104,2021,31.8,Franz Wagner,4.6,236,0.9,800,16.3,4192,7505,Michigan,3.4,1087,.333,.851,0.2,8,.479,ORL,4
7.5,.029,2021,20.5,Davion Mitchell,1.6,232,4.1,663,2.9,1733,4760,Baylor,2.9,375,.326,.701,-3.5,9,.433,SAC,4
7.7,.046,2021,19.6,Ziaire Williams,2.6,155,-1.8,184,2.9,1189,3044,Stanford,1.2,406,.309,.799,-3.8,10,.431,NOP,4
4.8,-.017,2021,11.4,James Bouknight,1.7,79,-1.4,73,-0.3,383,900,UConn,0.9,133,.335,.762,-5.9,11,.363,CHO,3
5.7,-.011,2021,19.1,Joshua Primo,2.3,56,-0.9,99,-0.3,318,1068,Alabama,1.8,127,.300,.750,-5.3,12,.371,SAS,3
8.1,.025,2021,19.5,Chris Duarte,2.8,162,-0.9,223,1.6,1318,3163,Oregon,1.4,447,.349,.816,-3.1,13,.406,IND,4
6.0,.095,2021,14.4,Moses Moody,2.1,186,-0.9,138,5.3,1118,2673,Arkansas,0.7,392,.369,.753,-1.5,14,.462,GSW,4
11.0,.065,2021,25.9,Corey Kispert,2.8,235,0.3,336,8.3,2577,6083,Gonzaga,1.4,652,.387,.791,-2.0,15,.481,WAS,4
14.9,.120,2021,27.2,Alperen Sengun,8.0,214,-0.1,802,14.6,3191,5820,,3.7,1710,.290,.705,2.0,16,.525,OKC,4
11.7,.143,2021,25.3,Trey Murphy III,3.6,198,5.9,274,14.9,2324,5002,Virginia,1.4,708,.392,.867,1.5,17,.454,MEM,3
9.3,.028,2021,21.2,Tre Mann,2.8,172,4.4,389,2.1,1606,3651,Florida,2.3,490,.348,.788,-3.3,18,.410,OKC,4
2.7,.068,2021,9.2,Kai Jones,2.1,71,-1.2,21,0.9,192,651,Texas,0.3,146,.238,.641,-3.9,19,.570,NYK,3
9.3,.088,2021,21.2,Jalen Johnson,5.6,153,-0.3,309,5.9,1427,3237,Duke,2.0,851,.322,.686,0.2,20,.500,ATL,4
5.7,-.037,2021,14.0,Keon Johnson,1.7,86,1.8,139,-0.9,493,1208,Tennessee,1.6,142,.333,.760,-5.8,21,.361,NYK,4
7.2,.150,2021,15.0,Isaiah Jackson,4.3,162,-1.1,115,7.6,1164,2422,Kentucky,0.7,689,.206,.675,-0.2,22,.593,LAL,4
2.6,.090,2021,11.7,Usman Garuba,3.8,105,1.1,82,2.3,276,1228,,0.8,397,.363,.625,-1.4,23,.467,HOU,3
6.9,.006,2021,15.4,Josh Christopher,1.9,138,0.2,223,0.3,959,2120,Arizona State,1.6,257,.277,.740,-3.8,24,.455,HOU,2
8.4,.090,2021,23.1,Quentin Grimes,2.5,172,-1.0,261,7.5,1448,3978,Houston,1.5,429,.371,.774,-0.8,25,.427,LAC,4
10.0,.063,2021,18.1,Bones Hyland,2.3,162,1.2,456,3.8,1613,2935,VCU,2.8,378,.361,.844,-1.1,26,.398,DEN,3
14.3,.052,2021,22.4,Cam Thomas,2.5,195,0.6,361,4.7,2793,4375,LSU,1.9,491,.345,.859,-2.1,27,.440,BRK,4
3.0,.065,2021,8.8,Jaden Springer,1.4,69,-0.1,53,0.8,208,609,Tennessee,0.8,97,.226,.808,-2.7,28,.416,PHI,4
6.0,.148,2021,13.2,Day'Ron Sharpe,5.3,141,-0.1,139,5.7,840,1864,UNC,1.0,749,.364,.612,-1.3,29,.565,PHO,3
8.8,.095,2021,21.7,Santi Aldama,4.8,175,0.3,273,7.6,1546,3799,Loyola (MD),1.6,843,.336,.697,-0.4,30,.449,UTA,4
1.6,-.124,2021,7.5,Isaiah Todd,1.3,18,1.5,8,-0.3,29,135,,0.4,24,.192,.500,-10.2,31,.222,MIL,2
5.8,.087,2021,16.8,Jeremiah Robinson-Earl,4.0,136,-0.3,117,4.1,793,2284,Villanova,0.9,539,.347,.783,-1.9,32,.437,NYK,4
2.5,.023,2021,9.3,Jason Preston,1.9,21,0.1,43,0.1,53,195,Ohio University,2.0,39,.238,.000,-2.6,33,.400,ORL,2
,,2021,,Rokas Jokubaitis,,,0.0,,,,,,,,,,,34,,OKC,
10.1,.109,2021,30.0,Herbert Jones,3.8,224,,532,15.2,2255,6720,Alabama,2.4,847,.369,.822,-0.1,35,.482,NOP,4
5.3,.092,2021,14.6,Miles McBride,1.1,176,3.2,237,4.9,927,2561,West Virginia,1.3,200,.362,.761,-1.3,36,.412,OKC,4
3.2,.025,2021,12.2,JT Thor,2.1,165,0.5,84,1.0,528,2012,Auburn,0.5,341,.320,.644,-4.4,37,.418,DET,3
9.8,.074,2021,27.5,Ayo Dosunmu,2.8,238,-1.2,726,10.2,2325,6553,Illinois,3.1,676,.363,.767,-1.8,38,.501,CHI,4
4.3,.205,2021,9.9,Neemias Queta,3.5,52,0.3,28,2.2,225,515,Utah State University,0.5,180,.000,.673,-0.5,39,.596,SAC,4
5.1,.059,2021,11.4,Jared Butler,1.2,91,0.2,204,1.3,465,1033,Baylor,2.2,110,.330,.804,-1.7,40,.455,NOP,4
1.8,.013,2021,6.7,Joe Wieskamp,0.5,38,0.1,12,0.1,70,255,Iowa,0.3,18,.309,.538,-5.3,41,.329,SAS,2
6.2,.037,2021,21.8,Isaiah Livers,2.6,94,-0.2,87,1.6,581,2051,Michigan,0.9,248,.358,.789,-3.2,42,.407,DET,3
3.8,.015,2021,11.0,Greg Brown III,2.3,70,-0.6,42,0.2,268,773,Texas,0.6,163,.296,.616,-5.1,43,.424,NOP,3
3.4,.043,2021,11.9,Kessler Edwards,2.0,139,-0.6,69,1.5,477,1648,Pepperdine,0.5,275,.350,.744,-3.5,44,.407,BRK,4
,,2021,,Juhann Begarin,,,-0.6,,,,,,,,,,,45,,BOS,
6.0,.030,2021,13.4,Dalano Banton,2.3,152,,264,1.3,909,2035,Nebraska,1.7,349,.290,.717,-1.9,46,.409,TOR,4
0.0,-.495,2021,1.0,David Johnson,0.0,2,0.1,0,0.0,0,2,Louisville,0.0,0,.000,,-27.7,47,.000,TOR,1
0.5,-.297,2021,3.0,Sharife Cooper,0.4,13,0.0,5,-0.2,7,39,Auburn,0.4,5,.167,,-16.3,48,.214,ATL,1
,,2021,,Marcus Zegarowski,,,-0.1,,,,,Creighton,,,,,,49,,BRK,
1.0,.029,2021,3.3,Filip PetruÅ¡ev,0.3,3,,0,0.0,3,10,Gonzaga,0.0,1,,.500,-8.0,50,.500,PHI,1
6.1,.011,2021,12.8,Brandon Boston Jr.,1.8,107,0.0,87,0.3,654,1366,Kentucky,0.8,196,.311,.772,-4.5,51,.394,MEM,4
5.5,.143,2021,8.9,Luka Garza,2.3,85,-0.9,42,2.2,466,754,Iowa,0.5,194,.325,.703,-1.8,52,.488,DET,3
4.2,.150,2021,11.4,Charles Bassey,4.3,78,0.0,77,2.8,331,887,Western Kentucky,1.0,332,.231,.655,1.1,53,.658,PHI,4
4.6,.094,2021,11.6,Sandro Mamukelashvili,3.2,132,0.7,134,3.0,610,1532,Seton Hall,1.0,422,.332,.726,-1.3,54,.453,IND,4
7.3,.098,2021,18.8,Aaron Wiggins,2.9,202,0.3,240,7.8,1473,3805,Maryland,1.2,587,.390,.782,-1.8,55,.516,OKC,4
0.5,.164,2021,3.5,Scottie Lewis,0.0,2,0.1,1,0.0,1,7,Florida,0.5,0,,.500,6.0,56,,CHO,1
,,2021,,BalÅ¡a Koprivica,,,0.0,,,,,Florida State,,,,,,57,,CHO,
2.6,.137,2021,14.1,Jericho Sims,4.0,142,,72,5.7,368,2004,Texas,0.5,573,.000,.580,-1.3,58,.742,NYK,4
9.8,.149,2021,18.5,RaiQuan Gray,4.0,4,0.4,13,0.2,39,74,Florida State,3.3,16,.417,1.000,2.9,59,.552,BRK,2
6.6,-.024,2021,16.4,Georgios Kalaitzakis,1.6,13,0.1,12,-0.1,86,213,,0.9,21,.385,.467,-7.0,60,.463,IND,1
pts_per_g,ws_per_48,year,mp_per_g,player,trb_per_g,g,vorp,ast,ws,pts,mp,college_name,ast_per_g,skip,trb,fg3_pct,ft_pct,bpm,pick_overall,fg_pct,team_id,seasons
21.6,.075,2022,34.5,Paolo Banchero,7.0,157,,728,8.5,3386,5411,Duke,4.6,,1095,.322,.727,0.2,1,.444,ORL,3
16.8,.184,2022,29.5,Chet Holmgren,8.0,86,3.0,211,9.7,1447,2539,Gonzaga,2.5,,692,.368,.785,3.6,2,.533,OKC,2
13.2,.075,2022,31.5,Jabari Smith Jr.,7.7,159,3.6,229,7.8,2100,5004,Auburn,1.4,,1221,.334,.800,-2.1,3,.429,HOU,3
13.7,.092,2022,31.8,Keegan Murray,5.1,161,-0.1,233,9.8,2205,5118,Iowa,1.4,,819,.383,.810,-0.8,4,.452,SAC,3
16.0,.009,2022,30.1,Jaden Ivey,3.7,156,1.5,701,0.8,2495,4689,Purdue,4.5,,574,.343,.748,-3.1,5,.424,DET,3
15.8,.043,2022,27.4,Bennedict Mathurin,4.0,142,-1.3,243,3.5,2237,3889,Arizona,1.7,,575,.345,.824,-3.5,6,.442,IND,3
11.6,.028,2022,25.3,Shaedon Sharpe,3.5,112,-1.5,188,1.7,1299,2838,Kentucky,1.7,,396,.350,.772,-3.1,7,.445,POR,2
5.1,.084,2022,20.4,Dyson Daniels,3.6,124,-0.8,307,4.4,632,2530,,2.5,,441,.315,.624,-0.5,8,.440,NOP,3
11.6,.023,2022,28.2,Jeremy Sochan,6.0,134,1.0,404,1.8,1549,3780,Baylor,3.0,,807,.284,.737,-3.5,9,.447,SAS,3
3.9,-.020,2022,13.0,Johnny Davis,1.7,81,-1.5,61,-0.4,317,1052,Wisconsin,0.8,,138,.279,.549,-7.0,10,.392,WAS,3
4.6,.054,2022,13.1,Ousmane Dieng,2.3,76,-1.3,87,1.1,348,995,,1.1,,171,.280,.738,-3.1,11,.420,NYK,3
16.5,.137,2022,30.8,Jalen Williams,4.3,150,-0.3,594,13.2,2479,4624,Santa Clara,4.0,,647,.388,.805,1.2,12,.527,OKC,3
11.2,.132,2022,26.9,Jalen Duren,10.2,133,3.8,236,9.8,1496,3575,Memphis,1.8,,1350,.000,.699,-0.3,13,.636,CHO,3
6.9,.027,2022,21.1,Ochai Agbaji,2.6,142,1.5,157,1.7,981,2990,Kansas,1.1,,363,.329,.741,-3.7,14,.426,CLE,3
10.1,.177,2022,21.5,Mark Williams,7.9,62,-1.3,40,4.9,629,1336,Duke,0.6,,488,,.702,0.3,15,.642,CHO,2
7.5,.053,2022,17.1,AJ Griffin,1.9,92,0.8,78,1.8,687,1572,Duke,0.8,,171,.372,.898,-1.7,16,.447,ATL,2
9.3,.087,2022,21.4,Tari Eason,6.1,108,0.1,121,4.2,1002,2316,LSU,1.1,,663,.346,.733,-0.7,17,.454,HOU,3
2.7,.067,2022,9.2,Dalen Terry,1.5,102,0.7,105,1.3,272,937,Arizona,1.0,,154,.233,.618,-2.1,18,.435,CHI,3
6.9,.057,2022,17.9,Jake LaRavia,2.9,75,0.0,95,1.6,518,1339,Wake Forest,1.3,,221,.335,.780,-3.0,19,.393,MIN,3
9.7,-.004,2022,22.1,Malaki Branham,2.3,145,-0.3,286,-0.2,1407,3200,Ohio State,2.0,,337,.331,.853,-5.2,20,.439,SAS,3
6.3,.092,2022,18.4,Christian Braun,3.1,162,-2.6,198,5.7,1016,2978,Kansas,1.2,,508,.373,.681,-2.0,21,.476,DEN,3
8.7,.168,2022,23.3,Walker Kessler,8.0,142,0.0,135,11.5,1231,3302,Auburn,1.0,,1143,.227,.548,2.0,22,.690,MEM,3
6.7,.027,2022,18.2,David Roddy,3.0,138,3.3,145,1.4,927,2506,Colorado State,1.1,,419,.303,.674,-4.3,23,.421,PHI,3
4.7,.037,2022,12.7,MarJon Beauchamp,2.1,104,-1.4,66,1.0,484,1318,,0.6,,214,.353,.716,-4.1,24,.431,MIL,3
4.6,-.020,2022,15.5,Blake Wesley,1.8,102,-0.7,270,-0.7,471,1585,Notre Dame,2.6,,179,.295,.641,-6.4,25,.398,SAS,3
1.1,.036,2022,4.2,Wendell Moore Jr.,0.5,55,-1.7,24,0.2,60,229,Duke,0.4,,30,.087,.800,-2.6,26,.443,DAL,3
7.3,.092,2022,18.4,Nikola JoviÄ,3.7,65,0.0,109,2.3,475,1194,,1.7,,242,.367,.746,-0.5,27,.445,MIA,3
4.2,.024,2022,10.2,Patrick Baldwin Jr.,2.3,72,0.4,41,0.4,301,735,UW-Milwaukee,0.6,,167,.348,.676,-3.7,28,.391,GSW,3
3.8,-.022,2022,11.6,TyTy Washington Jr.,1.2,42,-0.3,52,-0.2,159,489,Kentucky,1.2,,50,.244,.556,-6.5,29,.356,MEM,2
5.8,.074,2022,16.2,Peyton Watson,2.9,107,-0.6,100,2.7,623,1736,UCLA,0.9,,305,.301,.659,-2.5,30,.460,OKC,3
9.3,.040,2022,26.3,Andrew Nembhard,2.4,148,-0.2,646,3.2,1370,3896,Gonzaga,4.4,,349,.348,.794,-2.9,31,.465,IND,3
4.0,.065,2022,14.6,Caleb Houstan,1.6,112,-0.9,59,2.2,452,1637,Michigan,0.5,,184,.361,.818,-2.9,32,.379,ORL,3
3.1,.104,2022,13.8,Christian Koloko,2.9,58,-0.4,31,1.7,182,802,Arizona,0.5,,171,.083,.627,-3.5,33,.480,TOR,1
4.8,.114,2022,15.3,Jaylin Williams,4.0,118,-0.3,186,4.3,564,1811,Arkansas,1.6,,475,.385,.747,-0.3,34,.426,OKC,2
3.8,.041,2022,13.7,Max Christie,2.0,113,0.8,87,1.3,430,1547,Michigan State,0.8,,225,.370,.809,-3.6,35,.416,LAL,3
,,2022,,Gabriele Procida,,,-0.6,,,,,,,,,,,,36,,POR,
7.7,.026,2022,13.9,Jaden Hardy,1.8,125,,177,0.9,963,1740,,1.4,,223,.378,.803,-3.5,37,.419,SAC,3
2.2,.044,2022,7.8,Kennedy Chandler,1.1,36,-0.7,58,0.3,78,281,Tennessee,1.6,,38,.133,.462,-2.7,38,.422,SAS,1
,,2022,,Khalifa Diop,,,0.0,,,,,,,,,,,,39,,CLE,
5.2,.020,2022,15.9,Bryce McGowens,1.9,105,,105,0.7,548,1669,Nebraska,1.0,,195,.330,.764,-5.4,40,.419,MIN,2
0.5,-.091,2022,2.9,E.J. Liddell,0.6,8,-1.4,1,0.0,4,23,Ohio State,0.1,,5,.000,1.000,-4.7,41,.167,NOP,1
1.0,-.062,2022,2.7,Trevor Keels,0.7,3,0.0,0,0.0,3,8,Duke,0.0,,2,.250,,-13.0,42,.250,NYK,1
2.6,.130,2022,8.1,Moussa DiabatÃ©,2.4,37,0.0,9,0.8,97,301,Michigan,0.2,,89,.500,.588,-1.7,43,.514,LAC,3
2.5,-.001,2022,5.2,Ryan Rollins,0.9,28,0.0,20,0.0,69,146,Toledo,0.7,,25,.462,.840,-3.7,44,.447,ATL,3
2.0,.183,2022,4.0,Josh Minott,0.9,47,-0.1,13,0.7,96,187,Memphis,0.3,,42,.375,.909,1.7,45,.486,CHO,2
,,2022,,Ismael Kamagate,,,0.2,,,,,,,,,,,,46,,DET,
8.2,.084,2022,23.0,Vince Williams Jr.,4.6,67,,179,2.7,551,1541,VCU,2.7,,305,.350,.803,-1.2,47,.432,MEM,2
1.4,.055,2022,4.9,Kendall Brown,0.5,21,0.3,8,0.1,30,103,Baylor,0.4,,11,.000,.600,-5.3,48,.545,MIN,2
2.5,.087,2022,7.1,Isaiah Mobley,1.4,22,-0.1,9,0.3,54,156,USC,0.4,,30,.333,.800,-3.8,49,.423,CLE,2
,,2022,,Matteo Spagnolo,,,-0.1,,,,,,,,,,,,50,,MIN,
1.2,-.010,2022,3.9,Tyrese Martin,0.7,17,,2,0.0,21,67,UConn,0.1,,12,.143,1.000,-7.4,51,.391,GSW,2
1.0,-.080,2022,2.5,Karlo MatkoviÄ,2.0,2,-0.1,0,0.0,2,5,,0.0,,4,,,-7.8,52,1.000,NOP,1
1.7,.074,2022,5.4,JD Davison,1.0,21,0.0,22,0.2,35,113,Alabama,1.0,,20,.333,.667,-3.2,53,.406,BOS,3
,,2022,,Yannick Nzosa,,,0.0,,,,,,,,,,,,54,,WAS,
3.1,.158,2022,7.7,Gui Santos,2.0,27,,16,0.7,85,207,,0.6,,53,.357,.895,-1.3,55,.509,GSW,2
,,2022,,Luke Travers,,,0.0,,,,,,,,,,,,56,,CLE,
6.6,.066,2022,17.9,Jabari Walker,4.9,133,,105,3.3,878,2383,Colorado,0.8,,657,.289,.762,-4.1,57,.448,POR,3
,,2022,,Hugo Besson,,,-1.3,,,,,,,,,,,,58,,IND,
,,2022,,,,,,,,,,,,Miami Heat forfeited their Second Round pick.,,,,,,,,
